"script_id","script_type","scent","title","shot","time","edit_seconds","generation_seconds","start_frame","overlay","extra_frame","voiceover","voice_tone","complete_prompt","extra_complete_prompt","on_screen","motion_prompt","extra_prompt","edit_note"
"01","campaign","Mojito Metallique","Out the pouch, into the playlist","1","00–04","4","4","01-campaign-mojito-metallique/frames/01-start.png","01-campaign-mojito-metallique/overlays/01-copy.png","","Gusto ng sweet scent, pero hindi alam saan magsisimula?","Ask the opening buyer question with curiosity, then offer the named scent or brand answer helpfully. Bright and easygoing, with a small smile and light rhythmic energy. Keep the scent description gentle.","Animate this supplied start frame as one continuous photorealistic portrait 9:16 perfume-commercial shot. Match the first frame exactly: same Filipino adult hands, clothing, jewelry, set, props, warm saturated sunlight and natural skin texture. Keep the complete upright bottle just above the red pouch. Support the glass with the left hand; the free hand eases the zipper a little farther open. Never lift the bottle by its cap.
Camera: Restrained smooth movement only; preserve the supplied viewing angle and full product. Do not zoom out or tilt upward.
Product lock: MOJITO METALLIQUE; white label; golden-yellow liquid. Preserve the label lettering, PARFUM LONDON signature, small 50 ml cylindrical proportions, thick clear base and fitted black cylindrical cap. Keep the cap seated throughout.
No faces or partial faces, necks, chins, people in reflections, new actors, extra fingers, new props, duplicate bottles, label changes, product morphing or liquid-color changes. No cuts within this generated clip. No added captions, promotional lettering, graphic overlays or watermark.

VOICE IDENTITY
Off-screen female narrator: a Filipina woman around 28 years old, with a warm, clear, conversational mid-range voice and smooth natural resonance. She sounds friendly, confident, curious and lightly playful, like a thoughtful friend helping someone choose a personal fragrance. Speak natural conversational Taglish with fluid Tagalog-English code-switching and a natural Filipina accent. Follow the exact supplied Taglish script; do not translate it into all-English or formal Tagalog. Keep scent names and website button labels unchanged. Keep a subtle smile in the voice, crisp diction, gently varied intonation and relaxed conversational pacing. Emphasize product names and key offer conditions clearly. Preserve the same age, accent, pitch range and vocal texture across every shot. Narration is off-screen; do not introduce a talking person or visible mouth. No shouting, forced whispering, exaggerated accent, celebrity imitation or robotic sales cadence.
VOICE TONE FOR THIS SCENT / STORY
Ask the opening buyer question with curiosity, then offer the named scent or brand answer helpfully. Bright and easygoing, with a small smile and light rhythmic energy. Keep the scent description gentle.
AUDIO DIRECTION
Generate the following off-screen narration in this clip. Begin promptly and complete the spoken line naturally within the first 4 seconds, then leave quiet ambience for the remaining generation. Keep room tone and prop foley low under the voice; no music or other voices. No visible speaker or lip sync. Use the same selected voice preset/reference as the other clips when the selected Flow model supports it. Exact-font text is added later in the editor; do not generate subtitles.
EXACT VOICEOVER — speak only these words, once:
“Gusto ng sweet scent, pero hindi alam saan magsisimula?”","","SWEET SCENT? / START HERE","Animate this supplied start frame as one continuous photorealistic portrait 9:16 perfume-commercial shot. Match the first frame exactly: same Filipino adult hands, clothing, jewelry, set, props, warm saturated sunlight and natural skin texture. Keep the complete upright bottle just above the red pouch. Support the glass with the left hand; the free hand eases the zipper a little farther open. Never lift the bottle by its cap.
Camera: Restrained smooth movement only; preserve the supplied viewing angle and full product. Do not zoom out or tilt upward.
Product lock: MOJITO METALLIQUE; white label; golden-yellow liquid. Preserve the label lettering, PARFUM LONDON signature, small 50 ml cylindrical proportions, thick clear base and fitted black cylindrical cap. Keep the cap seated throughout.
No faces or partial faces, necks, chins, people in reflections, new actors, extra fingers, new props, duplicate bottles, label changes, product morphing or liquid-color changes. No cuts within this generated clip. No added captions, promotional lettering, graphic overlays or watermark.
Audio: subtle scene-appropriate room/outdoor ambience and gentle prop foley only; no generated speech or music. Voiceover and exact brand-font text will be added separately in the edit.","","Generate 4 seconds, then trim to 4 seconds in the edit."
"01","campaign","Mojito Metallique","Out the pouch, into the playlist","2","04–07","3","4","01-campaign-mojito-metallique/frames/02-start.png","01-campaign-mojito-metallique/overlays/02-copy.png","","Try ang Mojito Metallique ng Dear Body.","Ask the opening buyer question with curiosity, then offer the named scent or brand answer helpfully. Bright and easygoing, with a small smile and light rhythmic energy. Keep the scent description gentle.","Animate this supplied start frame as one continuous photorealistic portrait 9:16 perfume-commercial shot. Match the first frame exactly: same Filipino adult hands, clothing, jewelry, set, props, warm saturated sunlight and natural skin texture. The free fingertip taps the blue headphone earcup once and relaxes. The bottle stays supported and readable.
Camera: Restrained smooth movement only; preserve the supplied viewing angle and full product. Do not zoom out or tilt upward.
Product lock: MOJITO METALLIQUE; white label; golden-yellow liquid. Preserve the label lettering, PARFUM LONDON signature, small 50 ml cylindrical proportions, thick clear base and fitted black cylindrical cap. Keep the cap seated throughout.
No faces or partial faces, necks, chins, people in reflections, new actors, extra fingers, new props, duplicate bottles, label changes, product morphing or liquid-color changes. No cuts within this generated clip. No added captions, promotional lettering, graphic overlays or watermark.

VOICE IDENTITY
Off-screen female narrator: a Filipina woman around 28 years old, with a warm, clear, conversational mid-range voice and smooth natural resonance. She sounds friendly, confident, curious and lightly playful, like a thoughtful friend helping someone choose a personal fragrance. Speak natural conversational Taglish with fluid Tagalog-English code-switching and a natural Filipina accent. Follow the exact supplied Taglish script; do not translate it into all-English or formal Tagalog. Keep scent names and website button labels unchanged. Keep a subtle smile in the voice, crisp diction, gently varied intonation and relaxed conversational pacing. Emphasize product names and key offer conditions clearly. Preserve the same age, accent, pitch range and vocal texture across every shot. Narration is off-screen; do not introduce a talking person or visible mouth. No shouting, forced whispering, exaggerated accent, celebrity imitation or robotic sales cadence.
VOICE TONE FOR THIS SCENT / STORY
Ask the opening buyer question with curiosity, then offer the named scent or brand answer helpfully. Bright and easygoing, with a small smile and light rhythmic energy. Keep the scent description gentle.
AUDIO DIRECTION
Generate the following off-screen narration in this clip. Begin promptly and complete the spoken line naturally within the first 3 seconds, then leave quiet ambience for the remaining generation. Keep room tone and prop foley low under the voice; no music or other voices. No visible speaker or lip sync. Use the same selected voice preset/reference as the other clips when the selected Flow model supports it. Exact-font text is added later in the editor; do not generate subtitles.
EXACT VOICEOVER — speak only these words, once:
“Try ang Mojito Metallique ng Dear Body.”","","MOJITO METALLIQUE","Animate this supplied start frame as one continuous photorealistic portrait 9:16 perfume-commercial shot. Match the first frame exactly: same Filipino adult hands, clothing, jewelry, set, props, warm saturated sunlight and natural skin texture. The free fingertip taps the blue headphone earcup once and relaxes. The bottle stays supported and readable.
Camera: Restrained smooth movement only; preserve the supplied viewing angle and full product. Do not zoom out or tilt upward.
Product lock: MOJITO METALLIQUE; white label; golden-yellow liquid. Preserve the label lettering, PARFUM LONDON signature, small 50 ml cylindrical proportions, thick clear base and fitted black cylindrical cap. Keep the cap seated throughout.
No faces or partial faces, necks, chins, people in reflections, new actors, extra fingers, new props, duplicate bottles, label changes, product morphing or liquid-color changes. No cuts within this generated clip. No added captions, promotional lettering, graphic overlays or watermark.
Audio: subtle scene-appropriate room/outdoor ambience and gentle prop foley only; no generated speech or music. Voiceover and exact brand-font text will be added separately in the edit.","","Generate 4 seconds, then trim to 3 seconds in the edit."
"01","campaign","Mojito Metallique","Out the pouch, into the playlist","3","07–11","4","4","01-campaign-mojito-metallique/frames/03-start.png","01-campaign-mojito-metallique/overlays/03-copy.png","","Soft at creamy ang sweetness, may light fruity glow.","Ask the opening buyer question with curiosity, then offer the named scent or brand answer helpfully. Bright and easygoing, with a small smile and light rhythmic energy. Keep the scent description gentle.","Animate this supplied start frame as one continuous photorealistic portrait 9:16 perfume-commercial shot. Match the first frame exactly: same Filipino adult hands, clothing, jewelry, set, props, warm saturated sunlight and natural skin texture. The free hand slides the red pouch strap a few centimeters diagonally across the denim, then stops. The bottle remains upright.
Camera: Restrained smooth movement only; preserve the supplied viewing angle and full product. Do not zoom out or tilt upward.
Product lock: MOJITO METALLIQUE; white label; golden-yellow liquid. Preserve the label lettering, PARFUM LONDON signature, small 50 ml cylindrical proportions, thick clear base and fitted black cylindrical cap. Keep the cap seated throughout.
No faces or partial faces, necks, chins, people in reflections, new actors, extra fingers, new props, duplicate bottles, label changes, product morphing or liquid-color changes. No cuts within this generated clip. No added captions, promotional lettering, graphic overlays or watermark.

VOICE IDENTITY
Off-screen female narrator: a Filipina woman around 28 years old, with a warm, clear, conversational mid-range voice and smooth natural resonance. She sounds friendly, confident, curious and lightly playful, like a thoughtful friend helping someone choose a personal fragrance. Speak natural conversational Taglish with fluid Tagalog-English code-switching and a natural Filipina accent. Follow the exact supplied Taglish script; do not translate it into all-English or formal Tagalog. Keep scent names and website button labels unchanged. Keep a subtle smile in the voice, crisp diction, gently varied intonation and relaxed conversational pacing. Emphasize product names and key offer conditions clearly. Preserve the same age, accent, pitch range and vocal texture across every shot. Narration is off-screen; do not introduce a talking person or visible mouth. No shouting, forced whispering, exaggerated accent, celebrity imitation or robotic sales cadence.
VOICE TONE FOR THIS SCENT / STORY
Ask the opening buyer question with curiosity, then offer the named scent or brand answer helpfully. Bright and easygoing, with a small smile and light rhythmic energy. Keep the scent description gentle.
AUDIO DIRECTION
Generate the following off-screen narration in this clip. Begin promptly and complete the spoken line naturally within the first 4 seconds, then leave quiet ambience for the remaining generation. Keep room tone and prop foley low under the voice; no music or other voices. No visible speaker or lip sync. Use the same selected voice preset/reference as the other clips when the selected Flow model supports it. Exact-font text is added later in the editor; do not generate subtitles.
EXACT VOICEOVER — speak only these words, once:
“Soft at creamy ang sweetness, may light fruity glow.”","","Soft, creamy sweetness with a light fruity glow.","Animate this supplied start frame as one continuous photorealistic portrait 9:16 perfume-commercial shot. Match the first frame exactly: same Filipino adult hands, clothing, jewelry, set, props, warm saturated sunlight and natural skin texture. The free hand slides the red pouch strap a few centimeters diagonally across the denim, then stops. The bottle remains upright.
Camera: Restrained smooth movement only; preserve the supplied viewing angle and full product. Do not zoom out or tilt upward.
Product lock: MOJITO METALLIQUE; white label; golden-yellow liquid. Preserve the label lettering, PARFUM LONDON signature, small 50 ml cylindrical proportions, thick clear base and fitted black cylindrical cap. Keep the cap seated throughout.
No faces or partial faces, necks, chins, people in reflections, new actors, extra fingers, new props, duplicate bottles, label changes, product morphing or liquid-color changes. No cuts within this generated clip. No added captions, promotional lettering, graphic overlays or watermark.
Audio: subtle scene-appropriate room/outdoor ambience and gentle prop foley only; no generated speech or music. Voiceover and exact brand-font text will be added separately in the edit.","","Generate 4 seconds, then trim to 4 seconds in the edit."
"01","campaign","Mojito Metallique","Out the pouch, into the playlist","4","11–16","5","6","01-campaign-mojito-metallique/frames/04-start.png","01-campaign-mojito-metallique/overlays/04-copy.png","","Para sa friendly, easygoing, at lighthearted na personality.","Ask the opening buyer question with curiosity, then offer the named scent or brand answer helpfully. Bright and easygoing, with a small smile and light rhythmic energy. Keep the scent description gentle.","Animate this supplied start frame as one continuous photorealistic portrait 9:16 perfume-commercial shot. Match the first frame exactly: same Filipino adult hands, clothing, jewelry, set, props, warm saturated sunlight and natural skin texture. Rotate the held bottle only a few degrees into the sunlight, then settle the MOJITO METALLIQUE name square to camera.
Camera: Restrained smooth movement only; preserve the supplied viewing angle and full product. Do not zoom out or tilt upward.
Product lock: MOJITO METALLIQUE; white label; golden-yellow liquid. Preserve the label lettering, PARFUM LONDON signature, small 50 ml cylindrical proportions, thick clear base and fitted black cylindrical cap. Keep the cap seated throughout.
No faces or partial faces, necks, chins, people in reflections, new actors, extra fingers, new props, duplicate bottles, label changes, product morphing or liquid-color changes. No cuts within this generated clip. No added captions, promotional lettering, graphic overlays or watermark.

VOICE IDENTITY
Off-screen female narrator: a Filipina woman around 28 years old, with a warm, clear, conversational mid-range voice and smooth natural resonance. She sounds friendly, confident, curious and lightly playful, like a thoughtful friend helping someone choose a personal fragrance. Speak natural conversational Taglish with fluid Tagalog-English code-switching and a natural Filipina accent. Follow the exact supplied Taglish script; do not translate it into all-English or formal Tagalog. Keep scent names and website button labels unchanged. Keep a subtle smile in the voice, crisp diction, gently varied intonation and relaxed conversational pacing. Emphasize product names and key offer conditions clearly. Preserve the same age, accent, pitch range and vocal texture across every shot. Narration is off-screen; do not introduce a talking person or visible mouth. No shouting, forced whispering, exaggerated accent, celebrity imitation or robotic sales cadence.
VOICE TONE FOR THIS SCENT / STORY
Ask the opening buyer question with curiosity, then offer the named scent or brand answer helpfully. Bright and easygoing, with a small smile and light rhythmic energy. Keep the scent description gentle.
AUDIO DIRECTION
Generate the following off-screen narration in this clip. Begin promptly and complete the spoken line naturally within the first 5 seconds, then leave quiet ambience for the remaining generation. Keep room tone and prop foley low under the voice; no music or other voices. No visible speaker or lip sync. Use the same selected voice preset/reference as the other clips when the selected Flow model supports it. Exact-font text is added later in the editor; do not generate subtitles.
EXACT VOICEOVER — speak only these words, once:
“Para sa friendly, easygoing, at lighthearted na personality.”","","FRIENDLY · EASYGOING · LIGHTHEARTED","Animate this supplied start frame as one continuous photorealistic portrait 9:16 perfume-commercial shot. Match the first frame exactly: same Filipino adult hands, clothing, jewelry, set, props, warm saturated sunlight and natural skin texture. Rotate the held bottle only a few degrees into the sunlight, then settle the MOJITO METALLIQUE name square to camera.
Camera: Restrained smooth movement only; preserve the supplied viewing angle and full product. Do not zoom out or tilt upward.
Product lock: MOJITO METALLIQUE; white label; golden-yellow liquid. Preserve the label lettering, PARFUM LONDON signature, small 50 ml cylindrical proportions, thick clear base and fitted black cylindrical cap. Keep the cap seated throughout.
No faces or partial faces, necks, chins, people in reflections, new actors, extra fingers, new props, duplicate bottles, label changes, product morphing or liquid-color changes. No cuts within this generated clip. No added captions, promotional lettering, graphic overlays or watermark.
Audio: subtle scene-appropriate room/outdoor ambience and gentle prop foley only; no generated speech or music. Voiceover and exact brand-font text will be added separately in the edit.","","Generate 6 seconds, then trim to 5 seconds in the edit."
"01","campaign","Mojito Metallique","Out the pouch, into the playlist","5","16–23","7","8","01-campaign-mojito-metallique/frames/05-start.png","01-campaign-mojito-metallique/overlays/05-copy.png","","May magnetic cap na nagki-click, pantakip sa spray nozzle. Puwedeng i-collect at i-display.","Ask the opening buyer question with curiosity, then offer the named scent or brand answer helpfully. Bright and easygoing, with a small smile and light rhythmic energy. Keep the scent description gentle.","Animate this supplied start frame as one continuous photorealistic portrait 9:16 perfume-commercial shot. Match the first frame exactly: same Filipino adult hands, clothing, jewelry, set, props, warm saturated sunlight and natural skin texture. Hold the label steady while the camera pushes in only 3 cm. A restrained sunlight highlight glides over the side glass, never over the label.
Camera: Restrained smooth movement only; preserve the supplied viewing angle and full product. Do not zoom out or tilt upward.
Product lock: MOJITO METALLIQUE; white label; golden-yellow liquid. Preserve the label lettering, PARFUM LONDON signature, small 50 ml cylindrical proportions, thick clear base and fitted black cylindrical cap. Keep the cap seated throughout.
No faces or partial faces, necks, chins, people in reflections, new actors, extra fingers, new props, duplicate bottles, label changes, product morphing or liquid-color changes. No cuts within this generated clip. No added captions, promotional lettering, graphic overlays or watermark.

VOICE IDENTITY
Off-screen female narrator: a Filipina woman around 28 years old, with a warm, clear, conversational mid-range voice and smooth natural resonance. She sounds friendly, confident, curious and lightly playful, like a thoughtful friend helping someone choose a personal fragrance. Speak natural conversational Taglish with fluid Tagalog-English code-switching and a natural Filipina accent. Follow the exact supplied Taglish script; do not translate it into all-English or formal Tagalog. Keep scent names and website button labels unchanged. Keep a subtle smile in the voice, crisp diction, gently varied intonation and relaxed conversational pacing. Emphasize product names and key offer conditions clearly. Preserve the same age, accent, pitch range and vocal texture across every shot. Narration is off-screen; do not introduce a talking person or visible mouth. No shouting, forced whispering, exaggerated accent, celebrity imitation or robotic sales cadence.
VOICE TONE FOR THIS SCENT / STORY
Ask the opening buyer question with curiosity, then offer the named scent or brand answer helpfully. Bright and easygoing, with a small smile and light rhythmic energy. Keep the scent description gentle.
AUDIO DIRECTION
Generate the following off-screen narration in this clip. Begin promptly and complete the spoken line naturally within the first 7 seconds, then leave quiet ambience for the remaining generation. Keep room tone and prop foley low under the voice; no music or other voices. No visible speaker or lip sync. Use the same selected voice preset/reference as the other clips when the selected Flow model supports it. Exact-font text is added later in the editor; do not generate subtitles.
EXACT VOICEOVER — speak only these words, once:
“May magnetic cap na nagki-click, pantakip sa spray nozzle. Puwedeng i-collect at i-display.”","","MAGNETIC CAP / COLLECT & DISPLAY","Animate this supplied start frame as one continuous photorealistic portrait 9:16 perfume-commercial shot. Match the first frame exactly: same Filipino adult hands, clothing, jewelry, set, props, warm saturated sunlight and natural skin texture. Hold the label steady while the camera pushes in only 3 cm. A restrained sunlight highlight glides over the side glass, never over the label.
Camera: Restrained smooth movement only; preserve the supplied viewing angle and full product. Do not zoom out or tilt upward.
Product lock: MOJITO METALLIQUE; white label; golden-yellow liquid. Preserve the label lettering, PARFUM LONDON signature, small 50 ml cylindrical proportions, thick clear base and fitted black cylindrical cap. Keep the cap seated throughout.
No faces or partial faces, necks, chins, people in reflections, new actors, extra fingers, new props, duplicate bottles, label changes, product morphing or liquid-color changes. No cuts within this generated clip. No added captions, promotional lettering, graphic overlays or watermark.
Audio: subtle scene-appropriate room/outdoor ambience and gentle prop foley only; no generated speech or music. Voiceover and exact brand-font text will be added separately in the edit.","","Generate 8 seconds, then trim to 7 seconds in the edit."
"01","campaign","Mojito Metallique","Out the pouch, into the playlist","6","23–27","4","4","01-campaign-mojito-metallique/frames/06-start.png","01-campaign-mojito-metallique/overlays/06-copy.png","","Free shipping sa two items or more.","Ask the opening buyer question with curiosity, then offer the named scent or brand answer helpfully. Bright and easygoing, with a small smile and light rhythmic energy. Keep the scent description gentle.","Animate this supplied start frame as one continuous photorealistic portrait 9:16 perfume-commercial shot. Match the first frame exactly: same Filipino adult hands, clothing, jewelry, set, props, warm saturated sunlight and natural skin texture. Lower the supported bottle toward the open pouch by 2 cm. Stop before the label or base is concealed. Cut here; do not close the zip on glass.
Camera: Restrained smooth movement only; preserve the supplied viewing angle and full product. Do not zoom out or tilt upward.
Product lock: MOJITO METALLIQUE; white label; golden-yellow liquid. Preserve the label lettering, PARFUM LONDON signature, small 50 ml cylindrical proportions, thick clear base and fitted black cylindrical cap. Keep the cap seated throughout.
No faces or partial faces, necks, chins, people in reflections, new actors, extra fingers, new props, duplicate bottles, label changes, product morphing or liquid-color changes. No cuts within this generated clip. No added captions, promotional lettering, graphic overlays or watermark.

VOICE IDENTITY
Off-screen female narrator: a Filipina woman around 28 years old, with a warm, clear, conversational mid-range voice and smooth natural resonance. She sounds friendly, confident, curious and lightly playful, like a thoughtful friend helping someone choose a personal fragrance. Speak natural conversational Taglish with fluid Tagalog-English code-switching and a natural Filipina accent. Follow the exact supplied Taglish script; do not translate it into all-English or formal Tagalog. Keep scent names and website button labels unchanged. Keep a subtle smile in the voice, crisp diction, gently varied intonation and relaxed conversational pacing. Emphasize product names and key offer conditions clearly. Preserve the same age, accent, pitch range and vocal texture across every shot. Narration is off-screen; do not introduce a talking person or visible mouth. No shouting, forced whispering, exaggerated accent, celebrity imitation or robotic sales cadence.
VOICE TONE FOR THIS SCENT / STORY
Ask the opening buyer question with curiosity, then offer the named scent or brand answer helpfully. Bright and easygoing, with a small smile and light rhythmic energy. Keep the scent description gentle.
AUDIO DIRECTION
Generate the following off-screen narration in this clip. Begin promptly and complete the spoken line naturally within the first 4 seconds, then leave quiet ambience for the remaining generation. Keep room tone and prop foley low under the voice; no music or other voices. No visible speaker or lip sync. Use the same selected voice preset/reference as the other clips when the selected Flow model supports it. Exact-font text is added later in the editor; do not generate subtitles.
EXACT VOICEOVER — speak only these words, once:
“Free shipping sa two items or more.”","","FREE SHIPPING / ON 2+ ITEMS","Animate this supplied start frame as one continuous photorealistic portrait 9:16 perfume-commercial shot. Match the first frame exactly: same Filipino adult hands, clothing, jewelry, set, props, warm saturated sunlight and natural skin texture. Lower the supported bottle toward the open pouch by 2 cm. Stop before the label or base is concealed. Cut here; do not close the zip on glass.
Camera: Restrained smooth movement only; preserve the supplied viewing angle and full product. Do not zoom out or tilt upward.
Product lock: MOJITO METALLIQUE; white label; golden-yellow liquid. Preserve the label lettering, PARFUM LONDON signature, small 50 ml cylindrical proportions, thick clear base and fitted black cylindrical cap. Keep the cap seated throughout.
No faces or partial faces, necks, chins, people in reflections, new actors, extra fingers, new props, duplicate bottles, label changes, product morphing or liquid-color changes. No cuts within this generated clip. No added captions, promotional lettering, graphic overlays or watermark.
Audio: subtle scene-appropriate room/outdoor ambience and gentle prop foley only; no generated speech or music. Voiceover and exact brand-font text will be added separately in the edit.","","Generate 4 seconds, then trim to 4 seconds in the edit."
"01","campaign","Mojito Metallique","Out the pouch, into the playlist","7","27–34","7","8","01-campaign-mojito-metallique/frames/07-start.png","01-campaign-mojito-metallique/overlays/07-copy.png","","May cash on delivery din. Bagay sa vibe mo? Tap Order Now.","Ask the opening buyer question with curiosity, then offer the named scent or brand answer helpfully. Bright and easygoing, with a small smile and light rhythmic energy. Keep the scent description gentle.","Animate this supplied start frame as one continuous photorealistic portrait 9:16 perfume-commercial shot. Match the first frame exactly: same Filipino adult hands, clothing, jewelry, set, props, warm saturated sunlight and natural skin texture. Hold the original bottle-and-pouch composition. Allow only a tiny natural hand settle, then remain motionless for the final three seconds.
Camera: Locked composition; final three seconds fully still.
Product lock: MOJITO METALLIQUE; white label; golden-yellow liquid. Preserve the label lettering, PARFUM LONDON signature, small 50 ml cylindrical proportions, thick clear base and fitted black cylindrical cap. Keep the cap seated throughout.
No faces or partial faces, necks, chins, people in reflections, new actors, extra fingers, new props, duplicate bottles, label changes, product morphing or liquid-color changes. No cuts within this generated clip. No added captions, promotional lettering, graphic overlays or watermark.

VOICE IDENTITY
Off-screen female narrator: a Filipina woman around 28 years old, with a warm, clear, conversational mid-range voice and smooth natural resonance. She sounds friendly, confident, curious and lightly playful, like a thoughtful friend helping someone choose a personal fragrance. Speak natural conversational Taglish with fluid Tagalog-English code-switching and a natural Filipina accent. Follow the exact supplied Taglish script; do not translate it into all-English or formal Tagalog. Keep scent names and website button labels unchanged. Keep a subtle smile in the voice, crisp diction, gently varied intonation and relaxed conversational pacing. Emphasize product names and key offer conditions clearly. Preserve the same age, accent, pitch range and vocal texture across every shot. Narration is off-screen; do not introduce a talking person or visible mouth. No shouting, forced whispering, exaggerated accent, celebrity imitation or robotic sales cadence.
VOICE TONE FOR THIS SCENT / STORY
Ask the opening buyer question with curiosity, then offer the named scent or brand answer helpfully. Bright and easygoing, with a small smile and light rhythmic energy. Keep the scent description gentle.
AUDIO DIRECTION
Generate the following off-screen narration in this clip. Begin promptly and complete the spoken line naturally within the first 7 seconds, then leave quiet ambience for the remaining generation. Keep room tone and prop foley low under the voice; no music or other voices. No visible speaker or lip sync. Use the same selected voice preset/reference as the other clips when the selected Flow model supports it. Exact-font text is added later in the editor; do not generate subtitles.
EXACT VOICEOVER — speak only these words, once:
“May cash on delivery din. Bagay sa vibe mo? Tap Order Now.”","","ORDER NOW / FREE SHIPPING ON 2+ ITEMS / CASH ON DELIVERY","Animate this supplied start frame as one continuous photorealistic portrait 9:16 perfume-commercial shot. Match the first frame exactly: same Filipino adult hands, clothing, jewelry, set, props, warm saturated sunlight and natural skin texture. Hold the original bottle-and-pouch composition. Allow only a tiny natural hand settle, then remain motionless for the final three seconds.
Camera: Locked composition; final three seconds fully still.
Product lock: MOJITO METALLIQUE; white label; golden-yellow liquid. Preserve the label lettering, PARFUM LONDON signature, small 50 ml cylindrical proportions, thick clear base and fitted black cylindrical cap. Keep the cap seated throughout.
No faces or partial faces, necks, chins, people in reflections, new actors, extra fingers, new props, duplicate bottles, label changes, product morphing or liquid-color changes. No cuts within this generated clip. No added captions, promotional lettering, graphic overlays or watermark.
Audio: subtle scene-appropriate room/outdoor ambience and gentle prop foley only; no generated speech or music. Voiceover and exact brand-font text will be added separately in the edit.","","Generate 8 seconds, then trim to 7 seconds in the edit."
"02","campaign","Amber Oud Silk","Your finishing detail","1","00–04","4","4","02-campaign-amber-oud-silk/frames/01-start.png","02-campaign-amber-oud-silk/overlays/01-copy.png","","Naghahanap ng warm scent na may spice at smoke?","Ask the opening buyer question with curiosity, then offer the named scent or brand answer helpfully. Warm, assured and slightly more measured. Let rich descriptive words land without turning breathy or theatrical.","Animate this supplied start frame as one continuous photorealistic portrait 9:16 perfume-commercial shot. Match the first frame exactly: same Filipino adult hands, clothing, jewelry, set, props, warm saturated sunlight and natural skin texture. Hold the upright bottle above the orange chair, framed by the burgundy pouch. Make a tiny relaxed hand settle without obscuring its label.
Camera: Restrained smooth movement only; preserve the supplied viewing angle and full product. Do not zoom out or tilt upward.
Product lock: AMBER OUD SILK; white label; pale peach liquid. Preserve the label lettering, PARFUM LONDON signature, small 50 ml cylindrical proportions, thick clear base and fitted black cylindrical cap. Keep the cap seated throughout.
No faces or partial faces, necks, chins, people in reflections, new actors, extra fingers, new props, duplicate bottles, label changes, product morphing or liquid-color changes. No cuts within this generated clip. No added captions, promotional lettering, graphic overlays or watermark.

VOICE IDENTITY
Off-screen female narrator: a Filipina woman around 28 years old, with a warm, clear, conversational mid-range voice and smooth natural resonance. She sounds friendly, confident, curious and lightly playful, like a thoughtful friend helping someone choose a personal fragrance. Speak natural conversational Taglish with fluid Tagalog-English code-switching and a natural Filipina accent. Follow the exact supplied Taglish script; do not translate it into all-English or formal Tagalog. Keep scent names and website button labels unchanged. Keep a subtle smile in the voice, crisp diction, gently varied intonation and relaxed conversational pacing. Emphasize product names and key offer conditions clearly. Preserve the same age, accent, pitch range and vocal texture across every shot. Narration is off-screen; do not introduce a talking person or visible mouth. No shouting, forced whispering, exaggerated accent, celebrity imitation or robotic sales cadence.
VOICE TONE FOR THIS SCENT / STORY
Ask the opening buyer question with curiosity, then offer the named scent or brand answer helpfully. Warm, assured and slightly more measured. Let rich descriptive words land without turning breathy or theatrical.
AUDIO DIRECTION
Generate the following off-screen narration in this clip. Begin promptly and complete the spoken line naturally within the first 4 seconds, then leave quiet ambience for the remaining generation. Keep room tone and prop foley low under the voice; no music or other voices. No visible speaker or lip sync. Use the same selected voice preset/reference as the other clips when the selected Flow model supports it. Exact-font text is added later in the editor; do not generate subtitles.
EXACT VOICEOVER — speak only these words, once:
“Naghahanap ng warm scent na may spice at smoke?”","","WARM SCENT? / SPICE & SMOKE","Animate this supplied start frame as one continuous photorealistic portrait 9:16 perfume-commercial shot. Match the first frame exactly: same Filipino adult hands, clothing, jewelry, set, props, warm saturated sunlight and natural skin texture. Hold the upright bottle above the orange chair, framed by the burgundy pouch. Make a tiny relaxed hand settle without obscuring its label.
Camera: Restrained smooth movement only; preserve the supplied viewing angle and full product. Do not zoom out or tilt upward.
Product lock: AMBER OUD SILK; white label; pale peach liquid. Preserve the label lettering, PARFUM LONDON signature, small 50 ml cylindrical proportions, thick clear base and fitted black cylindrical cap. Keep the cap seated throughout.
No faces or partial faces, necks, chins, people in reflections, new actors, extra fingers, new props, duplicate bottles, label changes, product morphing or liquid-color changes. No cuts within this generated clip. No added captions, promotional lettering, graphic overlays or watermark.
Audio: subtle scene-appropriate room/outdoor ambience and gentle prop foley only; no generated speech or music. Voiceover and exact brand-font text will be added separately in the edit.","","Generate 4 seconds, then trim to 4 seconds in the edit."
"02","campaign","Amber Oud Silk","Your finishing detail","2","04–07","3","4","02-campaign-amber-oud-silk/frames/02-start.png","02-campaign-amber-oud-silk/overlays/02-copy.png","","Try ang Amber Oud Silk ng Dear Body.","Ask the opening buyer question with curiosity, then offer the named scent or brand answer helpfully. Warm, assured and slightly more measured. Let rich descriptive words land without turning breathy or theatrical.","Animate this supplied start frame as one continuous photorealistic portrait 9:16 perfume-commercial shot. Match the first frame exactly: same Filipino adult hands, clothing, jewelry, set, props, warm saturated sunlight and natural skin texture. Close the slightly ajar cream compact gently, then slide it a short distance into the pouch. The perfume remains upright in the other hand. No mirror reflection appears.
Camera: Restrained smooth movement only; preserve the supplied viewing angle and full product. Do not zoom out or tilt upward.
Product lock: AMBER OUD SILK; white label; pale peach liquid. Preserve the label lettering, PARFUM LONDON signature, small 50 ml cylindrical proportions, thick clear base and fitted black cylindrical cap. Keep the cap seated throughout.
No faces or partial faces, necks, chins, people in reflections, new actors, extra fingers, new props, duplicate bottles, label changes, product morphing or liquid-color changes. No cuts within this generated clip. No added captions, promotional lettering, graphic overlays or watermark.

VOICE IDENTITY
Off-screen female narrator: a Filipina woman around 28 years old, with a warm, clear, conversational mid-range voice and smooth natural resonance. She sounds friendly, confident, curious and lightly playful, like a thoughtful friend helping someone choose a personal fragrance. Speak natural conversational Taglish with fluid Tagalog-English code-switching and a natural Filipina accent. Follow the exact supplied Taglish script; do not translate it into all-English or formal Tagalog. Keep scent names and website button labels unchanged. Keep a subtle smile in the voice, crisp diction, gently varied intonation and relaxed conversational pacing. Emphasize product names and key offer conditions clearly. Preserve the same age, accent, pitch range and vocal texture across every shot. Narration is off-screen; do not introduce a talking person or visible mouth. No shouting, forced whispering, exaggerated accent, celebrity imitation or robotic sales cadence.
VOICE TONE FOR THIS SCENT / STORY
Ask the opening buyer question with curiosity, then offer the named scent or brand answer helpfully. Warm, assured and slightly more measured. Let rich descriptive words land without turning breathy or theatrical.
AUDIO DIRECTION
Generate the following off-screen narration in this clip. Begin promptly and complete the spoken line naturally within the first 3 seconds, then leave quiet ambience for the remaining generation. Keep room tone and prop foley low under the voice; no music or other voices. No visible speaker or lip sync. Use the same selected voice preset/reference as the other clips when the selected Flow model supports it. Exact-font text is added later in the editor; do not generate subtitles.
EXACT VOICEOVER — speak only these words, once:
“Try ang Amber Oud Silk ng Dear Body.”","","AMBER OUD SILK","Animate this supplied start frame as one continuous photorealistic portrait 9:16 perfume-commercial shot. Match the first frame exactly: same Filipino adult hands, clothing, jewelry, set, props, warm saturated sunlight and natural skin texture. Close the slightly ajar cream compact gently, then slide it a short distance into the pouch. The perfume remains upright in the other hand. No mirror reflection appears.
Camera: Restrained smooth movement only; preserve the supplied viewing angle and full product. Do not zoom out or tilt upward.
Product lock: AMBER OUD SILK; white label; pale peach liquid. Preserve the label lettering, PARFUM LONDON signature, small 50 ml cylindrical proportions, thick clear base and fitted black cylindrical cap. Keep the cap seated throughout.
No faces or partial faces, necks, chins, people in reflections, new actors, extra fingers, new props, duplicate bottles, label changes, product morphing or liquid-color changes. No cuts within this generated clip. No added captions, promotional lettering, graphic overlays or watermark.
Audio: subtle scene-appropriate room/outdoor ambience and gentle prop foley only; no generated speech or music. Voiceover and exact brand-font text will be added separately in the edit.","","Generate 4 seconds, then trim to 3 seconds in the edit."
"02","campaign","Amber Oud Silk","Your finishing detail","3","07–11","4","4","02-campaign-amber-oud-silk/frames/03-start.png","02-campaign-amber-oud-silk/overlays/03-copy.png","","Dark spice at smoke, may warm, addictive edge.","Ask the opening buyer question with curiosity, then offer the named scent or brand answer helpfully. Warm, assured and slightly more measured. Let rich descriptive words land without turning breathy or theatrical.","Animate this supplied start frame as one continuous photorealistic portrait 9:16 perfume-commercial shot. Match the first frame exactly: same Filipino adult hands, clothing, jewelry, set, props, warm saturated sunlight and natural skin texture. The free hand draws the coral ribbon into one loose curve and releases it onto the orange seat. Keep the perfume held steady.
Camera: Restrained smooth movement only; preserve the supplied viewing angle and full product. Do not zoom out or tilt upward.
Product lock: AMBER OUD SILK; white label; pale peach liquid. Preserve the label lettering, PARFUM LONDON signature, small 50 ml cylindrical proportions, thick clear base and fitted black cylindrical cap. Keep the cap seated throughout.
No faces or partial faces, necks, chins, people in reflections, new actors, extra fingers, new props, duplicate bottles, label changes, product morphing or liquid-color changes. No cuts within this generated clip. No added captions, promotional lettering, graphic overlays or watermark.

VOICE IDENTITY
Off-screen female narrator: a Filipina woman around 28 years old, with a warm, clear, conversational mid-range voice and smooth natural resonance. She sounds friendly, confident, curious and lightly playful, like a thoughtful friend helping someone choose a personal fragrance. Speak natural conversational Taglish with fluid Tagalog-English code-switching and a natural Filipina accent. Follow the exact supplied Taglish script; do not translate it into all-English or formal Tagalog. Keep scent names and website button labels unchanged. Keep a subtle smile in the voice, crisp diction, gently varied intonation and relaxed conversational pacing. Emphasize product names and key offer conditions clearly. Preserve the same age, accent, pitch range and vocal texture across every shot. Narration is off-screen; do not introduce a talking person or visible mouth. No shouting, forced whispering, exaggerated accent, celebrity imitation or robotic sales cadence.
VOICE TONE FOR THIS SCENT / STORY
Ask the opening buyer question with curiosity, then offer the named scent or brand answer helpfully. Warm, assured and slightly more measured. Let rich descriptive words land without turning breathy or theatrical.
AUDIO DIRECTION
Generate the following off-screen narration in this clip. Begin promptly and complete the spoken line naturally within the first 4 seconds, then leave quiet ambience for the remaining generation. Keep room tone and prop foley low under the voice; no music or other voices. No visible speaker or lip sync. Use the same selected voice preset/reference as the other clips when the selected Flow model supports it. Exact-font text is added later in the editor; do not generate subtitles.
EXACT VOICEOVER — speak only these words, once:
“Dark spice at smoke, may warm, addictive edge.”","","Dark spice and smoke with a warm, addictive edge.","Animate this supplied start frame as one continuous photorealistic portrait 9:16 perfume-commercial shot. Match the first frame exactly: same Filipino adult hands, clothing, jewelry, set, props, warm saturated sunlight and natural skin texture. The free hand draws the coral ribbon into one loose curve and releases it onto the orange seat. Keep the perfume held steady.
Camera: Restrained smooth movement only; preserve the supplied viewing angle and full product. Do not zoom out or tilt upward.
Product lock: AMBER OUD SILK; white label; pale peach liquid. Preserve the label lettering, PARFUM LONDON signature, small 50 ml cylindrical proportions, thick clear base and fitted black cylindrical cap. Keep the cap seated throughout.
No faces or partial faces, necks, chins, people in reflections, new actors, extra fingers, new props, duplicate bottles, label changes, product morphing or liquid-color changes. No cuts within this generated clip. No added captions, promotional lettering, graphic overlays or watermark.
Audio: subtle scene-appropriate room/outdoor ambience and gentle prop foley only; no generated speech or music. Voiceover and exact brand-font text will be added separately in the edit.","","Generate 4 seconds, then trim to 4 seconds in the edit."
"02","campaign","Amber Oud Silk","Your finishing detail","4","11–16","5","6","02-campaign-amber-oud-silk/frames/04-start.png","02-campaign-amber-oud-silk/overlays/04-copy.png","","Para sa bold, warm, at self-assured na personality.","Ask the opening buyer question with curiosity, then offer the named scent or brand answer helpfully. Warm, assured and slightly more measured. Let rich descriptive words land without turning breathy or theatrical.","Animate this supplied start frame as one continuous photorealistic portrait 9:16 perfume-commercial shot. Match the first frame exactly: same Filipino adult hands, clothing, jewelry, set, props, warm saturated sunlight and natural skin texture. The camera eases 3 cm closer to the full held bottle. A small highlight catches the black cap; hold the name steady.
Camera: Restrained smooth movement only; preserve the supplied viewing angle and full product. Do not zoom out or tilt upward.
Product lock: AMBER OUD SILK; white label; pale peach liquid. Preserve the label lettering, PARFUM LONDON signature, small 50 ml cylindrical proportions, thick clear base and fitted black cylindrical cap. Keep the cap seated throughout.
No faces or partial faces, necks, chins, people in reflections, new actors, extra fingers, new props, duplicate bottles, label changes, product morphing or liquid-color changes. No cuts within this generated clip. No added captions, promotional lettering, graphic overlays or watermark.

VOICE IDENTITY
Off-screen female narrator: a Filipina woman around 28 years old, with a warm, clear, conversational mid-range voice and smooth natural resonance. She sounds friendly, confident, curious and lightly playful, like a thoughtful friend helping someone choose a personal fragrance. Speak natural conversational Taglish with fluid Tagalog-English code-switching and a natural Filipina accent. Follow the exact supplied Taglish script; do not translate it into all-English or formal Tagalog. Keep scent names and website button labels unchanged. Keep a subtle smile in the voice, crisp diction, gently varied intonation and relaxed conversational pacing. Emphasize product names and key offer conditions clearly. Preserve the same age, accent, pitch range and vocal texture across every shot. Narration is off-screen; do not introduce a talking person or visible mouth. No shouting, forced whispering, exaggerated accent, celebrity imitation or robotic sales cadence.
VOICE TONE FOR THIS SCENT / STORY
Ask the opening buyer question with curiosity, then offer the named scent or brand answer helpfully. Warm, assured and slightly more measured. Let rich descriptive words land without turning breathy or theatrical.
AUDIO DIRECTION
Generate the following off-screen narration in this clip. Begin promptly and complete the spoken line naturally within the first 5 seconds, then leave quiet ambience for the remaining generation. Keep room tone and prop foley low under the voice; no music or other voices. No visible speaker or lip sync. Use the same selected voice preset/reference as the other clips when the selected Flow model supports it. Exact-font text is added later in the editor; do not generate subtitles.
EXACT VOICEOVER — speak only these words, once:
“Para sa bold, warm, at self-assured na personality.”","","BOLD · WARM · SELF-ASSURED","Animate this supplied start frame as one continuous photorealistic portrait 9:16 perfume-commercial shot. Match the first frame exactly: same Filipino adult hands, clothing, jewelry, set, props, warm saturated sunlight and natural skin texture. The camera eases 3 cm closer to the full held bottle. A small highlight catches the black cap; hold the name steady.
Camera: Restrained smooth movement only; preserve the supplied viewing angle and full product. Do not zoom out or tilt upward.
Product lock: AMBER OUD SILK; white label; pale peach liquid. Preserve the label lettering, PARFUM LONDON signature, small 50 ml cylindrical proportions, thick clear base and fitted black cylindrical cap. Keep the cap seated throughout.
No faces or partial faces, necks, chins, people in reflections, new actors, extra fingers, new props, duplicate bottles, label changes, product morphing or liquid-color changes. No cuts within this generated clip. No added captions, promotional lettering, graphic overlays or watermark.
Audio: subtle scene-appropriate room/outdoor ambience and gentle prop foley only; no generated speech or music. Voiceover and exact brand-font text will be added separately in the edit.","","Generate 6 seconds, then trim to 5 seconds in the edit."
"02","campaign","Amber Oud Silk","Your finishing detail","5","16–23","7","8","02-campaign-amber-oud-silk/frames/05-start.png","02-campaign-amber-oud-silk/overlays/05-copy.png","","May magnetic cap na nagki-click, pantakip sa spray nozzle. Puwedeng i-collect at i-display.","Ask the opening buyer question with curiosity, then offer the named scent or brand answer helpfully. Warm, assured and slightly more measured. Let rich descriptive words land without turning breathy or theatrical.","Animate this supplied start frame as one continuous photorealistic portrait 9:16 perfume-commercial shot. Match the first frame exactly: same Filipino adult hands, clothing, jewelry, set, props, warm saturated sunlight and natural skin texture. Keep the label and pale-peach liquid sharp against the burgundy pouch. A very slow 3 cm push ends in a still hold.
Camera: Restrained smooth movement only; preserve the supplied viewing angle and full product. Do not zoom out or tilt upward.
Product lock: AMBER OUD SILK; white label; pale peach liquid. Preserve the label lettering, PARFUM LONDON signature, small 50 ml cylindrical proportions, thick clear base and fitted black cylindrical cap. Keep the cap seated throughout.
No faces or partial faces, necks, chins, people in reflections, new actors, extra fingers, new props, duplicate bottles, label changes, product morphing or liquid-color changes. No cuts within this generated clip. No added captions, promotional lettering, graphic overlays or watermark.

VOICE IDENTITY
Off-screen female narrator: a Filipina woman around 28 years old, with a warm, clear, conversational mid-range voice and smooth natural resonance. She sounds friendly, confident, curious and lightly playful, like a thoughtful friend helping someone choose a personal fragrance. Speak natural conversational Taglish with fluid Tagalog-English code-switching and a natural Filipina accent. Follow the exact supplied Taglish script; do not translate it into all-English or formal Tagalog. Keep scent names and website button labels unchanged. Keep a subtle smile in the voice, crisp diction, gently varied intonation and relaxed conversational pacing. Emphasize product names and key offer conditions clearly. Preserve the same age, accent, pitch range and vocal texture across every shot. Narration is off-screen; do not introduce a talking person or visible mouth. No shouting, forced whispering, exaggerated accent, celebrity imitation or robotic sales cadence.
VOICE TONE FOR THIS SCENT / STORY
Ask the opening buyer question with curiosity, then offer the named scent or brand answer helpfully. Warm, assured and slightly more measured. Let rich descriptive words land without turning breathy or theatrical.
AUDIO DIRECTION
Generate the following off-screen narration in this clip. Begin promptly and complete the spoken line naturally within the first 7 seconds, then leave quiet ambience for the remaining generation. Keep room tone and prop foley low under the voice; no music or other voices. No visible speaker or lip sync. Use the same selected voice preset/reference as the other clips when the selected Flow model supports it. Exact-font text is added later in the editor; do not generate subtitles.
EXACT VOICEOVER — speak only these words, once:
“May magnetic cap na nagki-click, pantakip sa spray nozzle. Puwedeng i-collect at i-display.”","","MAGNETIC CAP / COLLECT & DISPLAY","Animate this supplied start frame as one continuous photorealistic portrait 9:16 perfume-commercial shot. Match the first frame exactly: same Filipino adult hands, clothing, jewelry, set, props, warm saturated sunlight and natural skin texture. Keep the label and pale-peach liquid sharp against the burgundy pouch. A very slow 3 cm push ends in a still hold.
Camera: Restrained smooth movement only; preserve the supplied viewing angle and full product. Do not zoom out or tilt upward.
Product lock: AMBER OUD SILK; white label; pale peach liquid. Preserve the label lettering, PARFUM LONDON signature, small 50 ml cylindrical proportions, thick clear base and fitted black cylindrical cap. Keep the cap seated throughout.
No faces or partial faces, necks, chins, people in reflections, new actors, extra fingers, new props, duplicate bottles, label changes, product morphing or liquid-color changes. No cuts within this generated clip. No added captions, promotional lettering, graphic overlays or watermark.
Audio: subtle scene-appropriate room/outdoor ambience and gentle prop foley only; no generated speech or music. Voiceover and exact brand-font text will be added separately in the edit.","","Generate 8 seconds, then trim to 7 seconds in the edit."
"02","campaign","Amber Oud Silk","Your finishing detail","6","23–27","4","4","02-campaign-amber-oud-silk/frames/06-start.png","02-campaign-amber-oud-silk/overlays/06-copy.png","","Free shipping sa two items or more.","Ask the opening buyer question with curiosity, then offer the named scent or brand answer helpfully. Warm, assured and slightly more measured. Let rich descriptive words land without turning breathy or theatrical.","Animate this supplied start frame as one continuous photorealistic portrait 9:16 perfume-commercial shot. Match the first frame exactly: same Filipino adult hands, clothing, jewelry, set, props, warm saturated sunlight and natural skin texture. Move the held bottle a few centimeters beside the pouch while the free fingertips gather the coral ribbon. Keep all glass supported.
Camera: Restrained smooth movement only; preserve the supplied viewing angle and full product. Do not zoom out or tilt upward.
Product lock: AMBER OUD SILK; white label; pale peach liquid. Preserve the label lettering, PARFUM LONDON signature, small 50 ml cylindrical proportions, thick clear base and fitted black cylindrical cap. Keep the cap seated throughout.
No faces or partial faces, necks, chins, people in reflections, new actors, extra fingers, new props, duplicate bottles, label changes, product morphing or liquid-color changes. No cuts within this generated clip. No added captions, promotional lettering, graphic overlays or watermark.

VOICE IDENTITY
Off-screen female narrator: a Filipina woman around 28 years old, with a warm, clear, conversational mid-range voice and smooth natural resonance. She sounds friendly, confident, curious and lightly playful, like a thoughtful friend helping someone choose a personal fragrance. Speak natural conversational Taglish with fluid Tagalog-English code-switching and a natural Filipina accent. Follow the exact supplied Taglish script; do not translate it into all-English or formal Tagalog. Keep scent names and website button labels unchanged. Keep a subtle smile in the voice, crisp diction, gently varied intonation and relaxed conversational pacing. Emphasize product names and key offer conditions clearly. Preserve the same age, accent, pitch range and vocal texture across every shot. Narration is off-screen; do not introduce a talking person or visible mouth. No shouting, forced whispering, exaggerated accent, celebrity imitation or robotic sales cadence.
VOICE TONE FOR THIS SCENT / STORY
Ask the opening buyer question with curiosity, then offer the named scent or brand answer helpfully. Warm, assured and slightly more measured. Let rich descriptive words land without turning breathy or theatrical.
AUDIO DIRECTION
Generate the following off-screen narration in this clip. Begin promptly and complete the spoken line naturally within the first 4 seconds, then leave quiet ambience for the remaining generation. Keep room tone and prop foley low under the voice; no music or other voices. No visible speaker or lip sync. Use the same selected voice preset/reference as the other clips when the selected Flow model supports it. Exact-font text is added later in the editor; do not generate subtitles.
EXACT VOICEOVER — speak only these words, once:
“Free shipping sa two items or more.”","","FREE SHIPPING / ON 2+ ITEMS","Animate this supplied start frame as one continuous photorealistic portrait 9:16 perfume-commercial shot. Match the first frame exactly: same Filipino adult hands, clothing, jewelry, set, props, warm saturated sunlight and natural skin texture. Move the held bottle a few centimeters beside the pouch while the free fingertips gather the coral ribbon. Keep all glass supported.
Camera: Restrained smooth movement only; preserve the supplied viewing angle and full product. Do not zoom out or tilt upward.
Product lock: AMBER OUD SILK; white label; pale peach liquid. Preserve the label lettering, PARFUM LONDON signature, small 50 ml cylindrical proportions, thick clear base and fitted black cylindrical cap. Keep the cap seated throughout.
No faces or partial faces, necks, chins, people in reflections, new actors, extra fingers, new props, duplicate bottles, label changes, product morphing or liquid-color changes. No cuts within this generated clip. No added captions, promotional lettering, graphic overlays or watermark.
Audio: subtle scene-appropriate room/outdoor ambience and gentle prop foley only; no generated speech or music. Voiceover and exact brand-font text will be added separately in the edit.","","Generate 4 seconds, then trim to 4 seconds in the edit."
"02","campaign","Amber Oud Silk","Your finishing detail","7","27–34","7","8","02-campaign-amber-oud-silk/frames/07-start.png","02-campaign-amber-oud-silk/overlays/07-copy.png","","May cash on delivery din. Bagay sa vibe mo? Tap Order Now.","Ask the opening buyer question with curiosity, then offer the named scent or brand answer helpfully. Warm, assured and slightly more measured. Let rich descriptive words land without turning breathy or theatrical.","Animate this supplied start frame as one continuous photorealistic portrait 9:16 perfume-commercial shot. Match the first frame exactly: same Filipino adult hands, clothing, jewelry, set, props, warm saturated sunlight and natural skin texture. Hold the clean bottle-in-hand composition above the orange seat. Remain still for the final three seconds.
Camera: Locked composition; final three seconds fully still.
Product lock: AMBER OUD SILK; white label; pale peach liquid. Preserve the label lettering, PARFUM LONDON signature, small 50 ml cylindrical proportions, thick clear base and fitted black cylindrical cap. Keep the cap seated throughout.
No faces or partial faces, necks, chins, people in reflections, new actors, extra fingers, new props, duplicate bottles, label changes, product morphing or liquid-color changes. No cuts within this generated clip. No added captions, promotional lettering, graphic overlays or watermark.

VOICE IDENTITY
Off-screen female narrator: a Filipina woman around 28 years old, with a warm, clear, conversational mid-range voice and smooth natural resonance. She sounds friendly, confident, curious and lightly playful, like a thoughtful friend helping someone choose a personal fragrance. Speak natural conversational Taglish with fluid Tagalog-English code-switching and a natural Filipina accent. Follow the exact supplied Taglish script; do not translate it into all-English or formal Tagalog. Keep scent names and website button labels unchanged. Keep a subtle smile in the voice, crisp diction, gently varied intonation and relaxed conversational pacing. Emphasize product names and key offer conditions clearly. Preserve the same age, accent, pitch range and vocal texture across every shot. Narration is off-screen; do not introduce a talking person or visible mouth. No shouting, forced whispering, exaggerated accent, celebrity imitation or robotic sales cadence.
VOICE TONE FOR THIS SCENT / STORY
Ask the opening buyer question with curiosity, then offer the named scent or brand answer helpfully. Warm, assured and slightly more measured. Let rich descriptive words land without turning breathy or theatrical.
AUDIO DIRECTION
Generate the following off-screen narration in this clip. Begin promptly and complete the spoken line naturally within the first 7 seconds, then leave quiet ambience for the remaining generation. Keep room tone and prop foley low under the voice; no music or other voices. No visible speaker or lip sync. Use the same selected voice preset/reference as the other clips when the selected Flow model supports it. Exact-font text is added later in the editor; do not generate subtitles.
EXACT VOICEOVER — speak only these words, once:
“May cash on delivery din. Bagay sa vibe mo? Tap Order Now.”","","ORDER NOW / FREE SHIPPING ON 2+ ITEMS / CASH ON DELIVERY","Animate this supplied start frame as one continuous photorealistic portrait 9:16 perfume-commercial shot. Match the first frame exactly: same Filipino adult hands, clothing, jewelry, set, props, warm saturated sunlight and natural skin texture. Hold the clean bottle-in-hand composition above the orange seat. Remain still for the final three seconds.
Camera: Locked composition; final three seconds fully still.
Product lock: AMBER OUD SILK; white label; pale peach liquid. Preserve the label lettering, PARFUM LONDON signature, small 50 ml cylindrical proportions, thick clear base and fitted black cylindrical cap. Keep the cap seated throughout.
No faces or partial faces, necks, chins, people in reflections, new actors, extra fingers, new props, duplicate bottles, label changes, product morphing or liquid-color changes. No cuts within this generated clip. No added captions, promotional lettering, graphic overlays or watermark.
Audio: subtle scene-appropriate room/outdoor ambience and gentle prop foley only; no generated speech or music. Voiceover and exact brand-font text will be added separately in the edit.","","Generate 8 seconds, then trim to 7 seconds in the edit."
"03","campaign","Mistened Narcissus","Ready, lace, go","1","00–04","4","4","03-campaign-mistened-narcissus/frames/01-start.png","03-campaign-mistened-narcissus/overlays/01-copy.png","","Hirap pumili ng fruity scent na may sweet finish?","Ask the opening buyer question with curiosity, then offer the named scent or brand answer helpfully. Cheerful and playful, with a buoyant opening and relaxed phrasing; keep diction clear.","Animate this supplied start frame as one continuous photorealistic portrait 9:16 perfume-commercial shot. Match the first frame exactly: same Filipino adult hands, clothing, jewelry, set, props, warm saturated sunlight and natural skin texture. Hold the bottle steady above the cream trousers. The stationary coral skate stays on the right; the free hand rests by its lace.
Camera: Restrained smooth movement only; preserve the supplied viewing angle and full product. Do not zoom out or tilt upward.
Product lock: MISTENED NARCISSUS; white label; nearly clear liquid. Preserve the label lettering, PARFUM LONDON signature, small 50 ml cylindrical proportions, thick clear base and fitted black cylindrical cap. Keep the cap seated throughout.
No faces or partial faces, necks, chins, people in reflections, new actors, extra fingers, new props, duplicate bottles, label changes, product morphing or liquid-color changes. No cuts within this generated clip. No added captions, promotional lettering, graphic overlays or watermark.

VOICE IDENTITY
Off-screen female narrator: a Filipina woman around 28 years old, with a warm, clear, conversational mid-range voice and smooth natural resonance. She sounds friendly, confident, curious and lightly playful, like a thoughtful friend helping someone choose a personal fragrance. Speak natural conversational Taglish with fluid Tagalog-English code-switching and a natural Filipina accent. Follow the exact supplied Taglish script; do not translate it into all-English or formal Tagalog. Keep scent names and website button labels unchanged. Keep a subtle smile in the voice, crisp diction, gently varied intonation and relaxed conversational pacing. Emphasize product names and key offer conditions clearly. Preserve the same age, accent, pitch range and vocal texture across every shot. Narration is off-screen; do not introduce a talking person or visible mouth. No shouting, forced whispering, exaggerated accent, celebrity imitation or robotic sales cadence.
VOICE TONE FOR THIS SCENT / STORY
Ask the opening buyer question with curiosity, then offer the named scent or brand answer helpfully. Cheerful and playful, with a buoyant opening and relaxed phrasing; keep diction clear.
AUDIO DIRECTION
Generate the following off-screen narration in this clip. Begin promptly and complete the spoken line naturally within the first 4 seconds, then leave quiet ambience for the remaining generation. Keep room tone and prop foley low under the voice; no music or other voices. No visible speaker or lip sync. Use the same selected voice preset/reference as the other clips when the selected Flow model supports it. Exact-font text is added later in the editor; do not generate subtitles.
EXACT VOICEOVER — speak only these words, once:
“Hirap pumili ng fruity scent na may sweet finish?”","","FRUITY SCENT? / SWEET FINISH","Animate this supplied start frame as one continuous photorealistic portrait 9:16 perfume-commercial shot. Match the first frame exactly: same Filipino adult hands, clothing, jewelry, set, props, warm saturated sunlight and natural skin texture. Hold the bottle steady above the cream trousers. The stationary coral skate stays on the right; the free hand rests by its lace.
Camera: Restrained smooth movement only; preserve the supplied viewing angle and full product. Do not zoom out or tilt upward.
Product lock: MISTENED NARCISSUS; white label; nearly clear liquid. Preserve the label lettering, PARFUM LONDON signature, small 50 ml cylindrical proportions, thick clear base and fitted black cylindrical cap. Keep the cap seated throughout.
No faces or partial faces, necks, chins, people in reflections, new actors, extra fingers, new props, duplicate bottles, label changes, product morphing or liquid-color changes. No cuts within this generated clip. No added captions, promotional lettering, graphic overlays or watermark.
Audio: subtle scene-appropriate room/outdoor ambience and gentle prop foley only; no generated speech or music. Voiceover and exact brand-font text will be added separately in the edit.","","Generate 4 seconds, then trim to 4 seconds in the edit."
"03","campaign","Mistened Narcissus","Ready, lace, go","2","04–07","3","4","03-campaign-mistened-narcissus/frames/02-start.png","03-campaign-mistened-narcissus/overlays/02-copy.png","","Try ang Mistened Narcissus ng Dear Body.","Ask the opening buyer question with curiosity, then offer the named scent or brand answer helpfully. Cheerful and playful, with a buoyant opening and relaxed phrasing; keep diction clear.","Animate this supplied start frame as one continuous photorealistic portrait 9:16 perfume-commercial shot. Match the first frame exactly: same Filipino adult hands, clothing, jewelry, set, props, warm saturated sunlight and natural skin texture. The right hand gathers one cream lace end gently and releases the tension. Keep the perfume upright and readable on the left.
Camera: Restrained smooth movement only; preserve the supplied viewing angle and full product. Do not zoom out or tilt upward.
Product lock: MISTENED NARCISSUS; white label; nearly clear liquid. Preserve the label lettering, PARFUM LONDON signature, small 50 ml cylindrical proportions, thick clear base and fitted black cylindrical cap. Keep the cap seated throughout.
No faces or partial faces, necks, chins, people in reflections, new actors, extra fingers, new props, duplicate bottles, label changes, product morphing or liquid-color changes. No cuts within this generated clip. No added captions, promotional lettering, graphic overlays or watermark.

VOICE IDENTITY
Off-screen female narrator: a Filipina woman around 28 years old, with a warm, clear, conversational mid-range voice and smooth natural resonance. She sounds friendly, confident, curious and lightly playful, like a thoughtful friend helping someone choose a personal fragrance. Speak natural conversational Taglish with fluid Tagalog-English code-switching and a natural Filipina accent. Follow the exact supplied Taglish script; do not translate it into all-English or formal Tagalog. Keep scent names and website button labels unchanged. Keep a subtle smile in the voice, crisp diction, gently varied intonation and relaxed conversational pacing. Emphasize product names and key offer conditions clearly. Preserve the same age, accent, pitch range and vocal texture across every shot. Narration is off-screen; do not introduce a talking person or visible mouth. No shouting, forced whispering, exaggerated accent, celebrity imitation or robotic sales cadence.
VOICE TONE FOR THIS SCENT / STORY
Ask the opening buyer question with curiosity, then offer the named scent or brand answer helpfully. Cheerful and playful, with a buoyant opening and relaxed phrasing; keep diction clear.
AUDIO DIRECTION
Generate the following off-screen narration in this clip. Begin promptly and complete the spoken line naturally within the first 3 seconds, then leave quiet ambience for the remaining generation. Keep room tone and prop foley low under the voice; no music or other voices. No visible speaker or lip sync. Use the same selected voice preset/reference as the other clips when the selected Flow model supports it. Exact-font text is added later in the editor; do not generate subtitles.
EXACT VOICEOVER — speak only these words, once:
“Try ang Mistened Narcissus ng Dear Body.”","","MISTENED NARCISSUS","Animate this supplied start frame as one continuous photorealistic portrait 9:16 perfume-commercial shot. Match the first frame exactly: same Filipino adult hands, clothing, jewelry, set, props, warm saturated sunlight and natural skin texture. The right hand gathers one cream lace end gently and releases the tension. Keep the perfume upright and readable on the left.
Camera: Restrained smooth movement only; preserve the supplied viewing angle and full product. Do not zoom out or tilt upward.
Product lock: MISTENED NARCISSUS; white label; nearly clear liquid. Preserve the label lettering, PARFUM LONDON signature, small 50 ml cylindrical proportions, thick clear base and fitted black cylindrical cap. Keep the cap seated throughout.
No faces or partial faces, necks, chins, people in reflections, new actors, extra fingers, new props, duplicate bottles, label changes, product morphing or liquid-color changes. No cuts within this generated clip. No added captions, promotional lettering, graphic overlays or watermark.
Audio: subtle scene-appropriate room/outdoor ambience and gentle prop foley only; no generated speech or music. Voiceover and exact brand-font text will be added separately in the edit.","","Generate 4 seconds, then trim to 3 seconds in the edit."
"03","campaign","Mistened Narcissus","Ready, lace, go","3","07–11","4","4","03-campaign-mistened-narcissus/frames/03-start.png","03-campaign-mistened-narcissus/overlays/03-copy.png","","Juicy berries na may smooth at sweet na finish.","Ask the opening buyer question with curiosity, then offer the named scent or brand answer helpfully. Cheerful and playful, with a buoyant opening and relaxed phrasing; keep diction clear.","Animate this supplied start frame as one continuous photorealistic portrait 9:16 perfume-commercial shot. Match the first frame exactly: same Filipino adult hands, clothing, jewelry, set, props, warm saturated sunlight and natural skin texture. The free fingertip nudges one skate wheel through a quarter turn, then stops it. The perfume stands securely on the yellow bench away from the wheel.
Camera: Restrained smooth movement only; preserve the supplied viewing angle and full product. Do not zoom out or tilt upward.
Product lock: MISTENED NARCISSUS; white label; nearly clear liquid. Preserve the label lettering, PARFUM LONDON signature, small 50 ml cylindrical proportions, thick clear base and fitted black cylindrical cap. Keep the cap seated throughout.
No faces or partial faces, necks, chins, people in reflections, new actors, extra fingers, new props, duplicate bottles, label changes, product morphing or liquid-color changes. No cuts within this generated clip. No added captions, promotional lettering, graphic overlays or watermark.

VOICE IDENTITY
Off-screen female narrator: a Filipina woman around 28 years old, with a warm, clear, conversational mid-range voice and smooth natural resonance. She sounds friendly, confident, curious and lightly playful, like a thoughtful friend helping someone choose a personal fragrance. Speak natural conversational Taglish with fluid Tagalog-English code-switching and a natural Filipina accent. Follow the exact supplied Taglish script; do not translate it into all-English or formal Tagalog. Keep scent names and website button labels unchanged. Keep a subtle smile in the voice, crisp diction, gently varied intonation and relaxed conversational pacing. Emphasize product names and key offer conditions clearly. Preserve the same age, accent, pitch range and vocal texture across every shot. Narration is off-screen; do not introduce a talking person or visible mouth. No shouting, forced whispering, exaggerated accent, celebrity imitation or robotic sales cadence.
VOICE TONE FOR THIS SCENT / STORY
Ask the opening buyer question with curiosity, then offer the named scent or brand answer helpfully. Cheerful and playful, with a buoyant opening and relaxed phrasing; keep diction clear.
AUDIO DIRECTION
Generate the following off-screen narration in this clip. Begin promptly and complete the spoken line naturally within the first 4 seconds, then leave quiet ambience for the remaining generation. Keep room tone and prop foley low under the voice; no music or other voices. No visible speaker or lip sync. Use the same selected voice preset/reference as the other clips when the selected Flow model supports it. Exact-font text is added later in the editor; do not generate subtitles.
EXACT VOICEOVER — speak only these words, once:
“Juicy berries na may smooth at sweet na finish.”","","Juicy berries softened by a smooth, sweet finish.","Animate this supplied start frame as one continuous photorealistic portrait 9:16 perfume-commercial shot. Match the first frame exactly: same Filipino adult hands, clothing, jewelry, set, props, warm saturated sunlight and natural skin texture. The free fingertip nudges one skate wheel through a quarter turn, then stops it. The perfume stands securely on the yellow bench away from the wheel.
Camera: Restrained smooth movement only; preserve the supplied viewing angle and full product. Do not zoom out or tilt upward.
Product lock: MISTENED NARCISSUS; white label; nearly clear liquid. Preserve the label lettering, PARFUM LONDON signature, small 50 ml cylindrical proportions, thick clear base and fitted black cylindrical cap. Keep the cap seated throughout.
No faces or partial faces, necks, chins, people in reflections, new actors, extra fingers, new props, duplicate bottles, label changes, product morphing or liquid-color changes. No cuts within this generated clip. No added captions, promotional lettering, graphic overlays or watermark.
Audio: subtle scene-appropriate room/outdoor ambience and gentle prop foley only; no generated speech or music. Voiceover and exact brand-font text will be added separately in the edit.","","Generate 4 seconds, then trim to 4 seconds in the edit."
"03","campaign","Mistened Narcissus","Ready, lace, go","4","11–16","5","6","03-campaign-mistened-narcissus/frames/04-start.png","03-campaign-mistened-narcissus/overlays/04-copy.png","","Para sa cheerful, playful, at openhearted na personality.","Ask the opening buyer question with curiosity, then offer the named scent or brand answer helpfully. Cheerful and playful, with a buoyant opening and relaxed phrasing; keep diction clear.","Animate this supplied start frame as one continuous photorealistic portrait 9:16 perfume-commercial shot. Match the first frame exactly: same Filipino adult hands, clothing, jewelry, set, props, warm saturated sunlight and natural skin texture. From the supplied held-bottle position, lift the bottle only 2 cm and settle the MISTENED NARCISSUS name square to camera.
Camera: Restrained smooth movement only; preserve the supplied viewing angle and full product. Do not zoom out or tilt upward.
Product lock: MISTENED NARCISSUS; white label; nearly clear liquid. Preserve the label lettering, PARFUM LONDON signature, small 50 ml cylindrical proportions, thick clear base and fitted black cylindrical cap. Keep the cap seated throughout.
No faces or partial faces, necks, chins, people in reflections, new actors, extra fingers, new props, duplicate bottles, label changes, product morphing or liquid-color changes. No cuts within this generated clip. No added captions, promotional lettering, graphic overlays or watermark.

VOICE IDENTITY
Off-screen female narrator: a Filipina woman around 28 years old, with a warm, clear, conversational mid-range voice and smooth natural resonance. She sounds friendly, confident, curious and lightly playful, like a thoughtful friend helping someone choose a personal fragrance. Speak natural conversational Taglish with fluid Tagalog-English code-switching and a natural Filipina accent. Follow the exact supplied Taglish script; do not translate it into all-English or formal Tagalog. Keep scent names and website button labels unchanged. Keep a subtle smile in the voice, crisp diction, gently varied intonation and relaxed conversational pacing. Emphasize product names and key offer conditions clearly. Preserve the same age, accent, pitch range and vocal texture across every shot. Narration is off-screen; do not introduce a talking person or visible mouth. No shouting, forced whispering, exaggerated accent, celebrity imitation or robotic sales cadence.
VOICE TONE FOR THIS SCENT / STORY
Ask the opening buyer question with curiosity, then offer the named scent or brand answer helpfully. Cheerful and playful, with a buoyant opening and relaxed phrasing; keep diction clear.
AUDIO DIRECTION
Generate the following off-screen narration in this clip. Begin promptly and complete the spoken line naturally within the first 5 seconds, then leave quiet ambience for the remaining generation. Keep room tone and prop foley low under the voice; no music or other voices. No visible speaker or lip sync. Use the same selected voice preset/reference as the other clips when the selected Flow model supports it. Exact-font text is added later in the editor; do not generate subtitles.
EXACT VOICEOVER — speak only these words, once:
“Para sa cheerful, playful, at openhearted na personality.”","","CHEERFUL · PLAYFUL · OPENHEARTED","Animate this supplied start frame as one continuous photorealistic portrait 9:16 perfume-commercial shot. Match the first frame exactly: same Filipino adult hands, clothing, jewelry, set, props, warm saturated sunlight and natural skin texture. From the supplied held-bottle position, lift the bottle only 2 cm and settle the MISTENED NARCISSUS name square to camera.
Camera: Restrained smooth movement only; preserve the supplied viewing angle and full product. Do not zoom out or tilt upward.
Product lock: MISTENED NARCISSUS; white label; nearly clear liquid. Preserve the label lettering, PARFUM LONDON signature, small 50 ml cylindrical proportions, thick clear base and fitted black cylindrical cap. Keep the cap seated throughout.
No faces or partial faces, necks, chins, people in reflections, new actors, extra fingers, new props, duplicate bottles, label changes, product morphing or liquid-color changes. No cuts within this generated clip. No added captions, promotional lettering, graphic overlays or watermark.
Audio: subtle scene-appropriate room/outdoor ambience and gentle prop foley only; no generated speech or music. Voiceover and exact brand-font text will be added separately in the edit.","","Generate 6 seconds, then trim to 5 seconds in the edit."
"03","campaign","Mistened Narcissus","Ready, lace, go","5","16–23","7","8","03-campaign-mistened-narcissus/frames/05-start.png","03-campaign-mistened-narcissus/overlays/05-copy.png","","May magnetic cap na nagki-click, pantakip sa spray nozzle. Puwedeng i-collect at i-display.","Ask the opening buyer question with curiosity, then offer the named scent or brand answer helpfully. Cheerful and playful, with a buoyant opening and relaxed phrasing; keep diction clear.","Animate this supplied start frame as one continuous photorealistic portrait 9:16 perfume-commercial shot. Match the first frame exactly: same Filipino adult hands, clothing, jewelry, set, props, warm saturated sunlight and natural skin texture. Hold the full bottle in sharp focus, with coral nails and lilac cuff. Make a slow 3 cm camera push without cropping its cap or base.
Camera: Restrained smooth movement only; preserve the supplied viewing angle and full product. Do not zoom out or tilt upward.
Product lock: MISTENED NARCISSUS; white label; nearly clear liquid. Preserve the label lettering, PARFUM LONDON signature, small 50 ml cylindrical proportions, thick clear base and fitted black cylindrical cap. Keep the cap seated throughout.
No faces or partial faces, necks, chins, people in reflections, new actors, extra fingers, new props, duplicate bottles, label changes, product morphing or liquid-color changes. No cuts within this generated clip. No added captions, promotional lettering, graphic overlays or watermark.

VOICE IDENTITY
Off-screen female narrator: a Filipina woman around 28 years old, with a warm, clear, conversational mid-range voice and smooth natural resonance. She sounds friendly, confident, curious and lightly playful, like a thoughtful friend helping someone choose a personal fragrance. Speak natural conversational Taglish with fluid Tagalog-English code-switching and a natural Filipina accent. Follow the exact supplied Taglish script; do not translate it into all-English or formal Tagalog. Keep scent names and website button labels unchanged. Keep a subtle smile in the voice, crisp diction, gently varied intonation and relaxed conversational pacing. Emphasize product names and key offer conditions clearly. Preserve the same age, accent, pitch range and vocal texture across every shot. Narration is off-screen; do not introduce a talking person or visible mouth. No shouting, forced whispering, exaggerated accent, celebrity imitation or robotic sales cadence.
VOICE TONE FOR THIS SCENT / STORY
Ask the opening buyer question with curiosity, then offer the named scent or brand answer helpfully. Cheerful and playful, with a buoyant opening and relaxed phrasing; keep diction clear.
AUDIO DIRECTION
Generate the following off-screen narration in this clip. Begin promptly and complete the spoken line naturally within the first 7 seconds, then leave quiet ambience for the remaining generation. Keep room tone and prop foley low under the voice; no music or other voices. No visible speaker or lip sync. Use the same selected voice preset/reference as the other clips when the selected Flow model supports it. Exact-font text is added later in the editor; do not generate subtitles.
EXACT VOICEOVER — speak only these words, once:
“May magnetic cap na nagki-click, pantakip sa spray nozzle. Puwedeng i-collect at i-display.”","","MAGNETIC CAP / COLLECT & DISPLAY","Animate this supplied start frame as one continuous photorealistic portrait 9:16 perfume-commercial shot. Match the first frame exactly: same Filipino adult hands, clothing, jewelry, set, props, warm saturated sunlight and natural skin texture. Hold the full bottle in sharp focus, with coral nails and lilac cuff. Make a slow 3 cm camera push without cropping its cap or base.
Camera: Restrained smooth movement only; preserve the supplied viewing angle and full product. Do not zoom out or tilt upward.
Product lock: MISTENED NARCISSUS; white label; nearly clear liquid. Preserve the label lettering, PARFUM LONDON signature, small 50 ml cylindrical proportions, thick clear base and fitted black cylindrical cap. Keep the cap seated throughout.
No faces or partial faces, necks, chins, people in reflections, new actors, extra fingers, new props, duplicate bottles, label changes, product morphing or liquid-color changes. No cuts within this generated clip. No added captions, promotional lettering, graphic overlays or watermark.
Audio: subtle scene-appropriate room/outdoor ambience and gentle prop foley only; no generated speech or music. Voiceover and exact brand-font text will be added separately in the edit.","","Generate 8 seconds, then trim to 7 seconds in the edit."
"03","campaign","Mistened Narcissus","Ready, lace, go","6","23–27","4","4","03-campaign-mistened-narcissus/frames/06-start.png","03-campaign-mistened-narcissus/overlays/06-copy.png","","Free shipping sa two items or more.","Ask the opening buyer question with curiosity, then offer the named scent or brand answer helpfully. Cheerful and playful, with a buoyant opening and relaxed phrasing; keep diction clear.","Animate this supplied start frame as one continuous photorealistic portrait 9:16 perfume-commercial shot. Match the first frame exactly: same Filipino adult hands, clothing, jewelry, set, props, warm saturated sunlight and natural skin texture. Lower the capped bottle into the visible pouch while supporting the glass body. Pause while the name is still visible above the opening and cut before concealment; keep the skate stationary.
Camera: Restrained smooth movement only; preserve the supplied viewing angle and full product. Do not zoom out or tilt upward.
Product lock: MISTENED NARCISSUS; white label; nearly clear liquid. Preserve the label lettering, PARFUM LONDON signature, small 50 ml cylindrical proportions, thick clear base and fitted black cylindrical cap. Keep the cap seated throughout.
No faces or partial faces, necks, chins, people in reflections, new actors, extra fingers, new props, duplicate bottles, label changes, product morphing or liquid-color changes. No cuts within this generated clip. No added captions, promotional lettering, graphic overlays or watermark.

VOICE IDENTITY
Off-screen female narrator: a Filipina woman around 28 years old, with a warm, clear, conversational mid-range voice and smooth natural resonance. She sounds friendly, confident, curious and lightly playful, like a thoughtful friend helping someone choose a personal fragrance. Speak natural conversational Taglish with fluid Tagalog-English code-switching and a natural Filipina accent. Follow the exact supplied Taglish script; do not translate it into all-English or formal Tagalog. Keep scent names and website button labels unchanged. Keep a subtle smile in the voice, crisp diction, gently varied intonation and relaxed conversational pacing. Emphasize product names and key offer conditions clearly. Preserve the same age, accent, pitch range and vocal texture across every shot. Narration is off-screen; do not introduce a talking person or visible mouth. No shouting, forced whispering, exaggerated accent, celebrity imitation or robotic sales cadence.
VOICE TONE FOR THIS SCENT / STORY
Ask the opening buyer question with curiosity, then offer the named scent or brand answer helpfully. Cheerful and playful, with a buoyant opening and relaxed phrasing; keep diction clear.
AUDIO DIRECTION
Generate the following off-screen narration in this clip. Begin promptly and complete the spoken line naturally within the first 4 seconds, then leave quiet ambience for the remaining generation. Keep room tone and prop foley low under the voice; no music or other voices. No visible speaker or lip sync. Use the same selected voice preset/reference as the other clips when the selected Flow model supports it. Exact-font text is added later in the editor; do not generate subtitles.
EXACT VOICEOVER — speak only these words, once:
“Free shipping sa two items or more.”","","FREE SHIPPING / ON 2+ ITEMS","Animate this supplied start frame as one continuous photorealistic portrait 9:16 perfume-commercial shot. Match the first frame exactly: same Filipino adult hands, clothing, jewelry, set, props, warm saturated sunlight and natural skin texture. Lower the capped bottle into the visible pouch while supporting the glass body. Pause while the name is still visible above the opening and cut before concealment; keep the skate stationary.
Camera: Restrained smooth movement only; preserve the supplied viewing angle and full product. Do not zoom out or tilt upward.
Product lock: MISTENED NARCISSUS; white label; nearly clear liquid. Preserve the label lettering, PARFUM LONDON signature, small 50 ml cylindrical proportions, thick clear base and fitted black cylindrical cap. Keep the cap seated throughout.
No faces or partial faces, necks, chins, people in reflections, new actors, extra fingers, new props, duplicate bottles, label changes, product morphing or liquid-color changes. No cuts within this generated clip. No added captions, promotional lettering, graphic overlays or watermark.
Audio: subtle scene-appropriate room/outdoor ambience and gentle prop foley only; no generated speech or music. Voiceover and exact brand-font text will be added separately in the edit.","","Generate 4 seconds, then trim to 4 seconds in the edit."
"03","campaign","Mistened Narcissus","Ready, lace, go","7","27–34","7","8","03-campaign-mistened-narcissus/frames/07-start.png","03-campaign-mistened-narcissus/overlays/07-copy.png","","May cash on delivery din. Bagay sa vibe mo? Tap Order Now.","Ask the opening buyer question with curiosity, then offer the named scent or brand answer helpfully. Cheerful and playful, with a buoyant opening and relaxed phrasing; keep diction clear.","Animate this supplied start frame as one continuous photorealistic portrait 9:16 perfume-commercial shot. Match the first frame exactly: same Filipino adult hands, clothing, jewelry, set, props, warm saturated sunlight and natural skin texture. Hold the separate bottle-in-hand hero beside the stationary skate. Remain still for the final three seconds.
Camera: Locked composition; final three seconds fully still.
Product lock: MISTENED NARCISSUS; white label; nearly clear liquid. Preserve the label lettering, PARFUM LONDON signature, small 50 ml cylindrical proportions, thick clear base and fitted black cylindrical cap. Keep the cap seated throughout.
No faces or partial faces, necks, chins, people in reflections, new actors, extra fingers, new props, duplicate bottles, label changes, product morphing or liquid-color changes. No cuts within this generated clip. No added captions, promotional lettering, graphic overlays or watermark.

VOICE IDENTITY
Off-screen female narrator: a Filipina woman around 28 years old, with a warm, clear, conversational mid-range voice and smooth natural resonance. She sounds friendly, confident, curious and lightly playful, like a thoughtful friend helping someone choose a personal fragrance. Speak natural conversational Taglish with fluid Tagalog-English code-switching and a natural Filipina accent. Follow the exact supplied Taglish script; do not translate it into all-English or formal Tagalog. Keep scent names and website button labels unchanged. Keep a subtle smile in the voice, crisp diction, gently varied intonation and relaxed conversational pacing. Emphasize product names and key offer conditions clearly. Preserve the same age, accent, pitch range and vocal texture across every shot. Narration is off-screen; do not introduce a talking person or visible mouth. No shouting, forced whispering, exaggerated accent, celebrity imitation or robotic sales cadence.
VOICE TONE FOR THIS SCENT / STORY
Ask the opening buyer question with curiosity, then offer the named scent or brand answer helpfully. Cheerful and playful, with a buoyant opening and relaxed phrasing; keep diction clear.
AUDIO DIRECTION
Generate the following off-screen narration in this clip. Begin promptly and complete the spoken line naturally within the first 7 seconds, then leave quiet ambience for the remaining generation. Keep room tone and prop foley low under the voice; no music or other voices. No visible speaker or lip sync. Use the same selected voice preset/reference as the other clips when the selected Flow model supports it. Exact-font text is added later in the editor; do not generate subtitles.
EXACT VOICEOVER — speak only these words, once:
“May cash on delivery din. Bagay sa vibe mo? Tap Order Now.”","","ORDER NOW / FREE SHIPPING ON 2+ ITEMS / CASH ON DELIVERY","Animate this supplied start frame as one continuous photorealistic portrait 9:16 perfume-commercial shot. Match the first frame exactly: same Filipino adult hands, clothing, jewelry, set, props, warm saturated sunlight and natural skin texture. Hold the separate bottle-in-hand hero beside the stationary skate. Remain still for the final three seconds.
Camera: Locked composition; final three seconds fully still.
Product lock: MISTENED NARCISSUS; white label; nearly clear liquid. Preserve the label lettering, PARFUM LONDON signature, small 50 ml cylindrical proportions, thick clear base and fitted black cylindrical cap. Keep the cap seated throughout.
No faces or partial faces, necks, chins, people in reflections, new actors, extra fingers, new props, duplicate bottles, label changes, product morphing or liquid-color changes. No cuts within this generated clip. No added captions, promotional lettering, graphic overlays or watermark.
Audio: subtle scene-appropriate room/outdoor ambience and gentle prop foley only; no generated speech or music. Voiceover and exact brand-font text will be added separately in the edit.","","Generate 8 seconds, then trim to 7 seconds in the edit."
"04","campaign","Charme Envoûtant","The sunny stop","1","00–04","4","4","04-campaign-charme-envoutant/frames/01-start.png","04-campaign-charme-envoutant/overlays/01-copy.png","","Gusto ng sweet scent na may mas rich na dating?","Ask the opening buyer question with curiosity, then offer the named scent or brand answer helpfully. Expressive and confident, using a little more energy and decisive phrase endings.","Animate this supplied start frame as one continuous photorealistic portrait 9:16 perfume-commercial shot. Match the first frame exactly: same Filipino adult hands, clothing, jewelry, set, props, warm saturated sunlight and natural skin texture. Hold the upright bottle in front of the red scooter panel with the exact label facing the camera. Only a small natural hand settle.
Camera: Restrained smooth movement only; preserve the supplied viewing angle and full product. Do not zoom out or tilt upward.
Product lock: CHARME ENVOÛTANT; black label; orange-amber liquid. Preserve the label lettering, PARFUM LONDON signature, small 50 ml cylindrical proportions, thick clear base and fitted black cylindrical cap. Keep the cap seated throughout.
No faces or partial faces, necks, chins, people in reflections, new actors, extra fingers, new props, duplicate bottles, label changes, product morphing or liquid-color changes. No cuts within this generated clip. No added captions, promotional lettering, graphic overlays or watermark.

VOICE IDENTITY
Off-screen female narrator: a Filipina woman around 28 years old, with a warm, clear, conversational mid-range voice and smooth natural resonance. She sounds friendly, confident, curious and lightly playful, like a thoughtful friend helping someone choose a personal fragrance. Speak natural conversational Taglish with fluid Tagalog-English code-switching and a natural Filipina accent. Follow the exact supplied Taglish script; do not translate it into all-English or formal Tagalog. Keep scent names and website button labels unchanged. Keep a subtle smile in the voice, crisp diction, gently varied intonation and relaxed conversational pacing. Emphasize product names and key offer conditions clearly. Preserve the same age, accent, pitch range and vocal texture across every shot. Narration is off-screen; do not introduce a talking person or visible mouth. No shouting, forced whispering, exaggerated accent, celebrity imitation or robotic sales cadence.
VOICE TONE FOR THIS SCENT / STORY
Ask the opening buyer question with curiosity, then offer the named scent or brand answer helpfully. Expressive and confident, using a little more energy and decisive phrase endings.
AUDIO DIRECTION
Generate the following off-screen narration in this clip. Begin promptly and complete the spoken line naturally within the first 4 seconds, then leave quiet ambience for the remaining generation. Keep room tone and prop foley low under the voice; no music or other voices. No visible speaker or lip sync. Use the same selected voice preset/reference as the other clips when the selected Flow model supports it. Exact-font text is added later in the editor; do not generate subtitles.
EXACT VOICEOVER — speak only these words, once:
“Gusto ng sweet scent na may mas rich na dating?”","","SWEET SCENT? / RICH & SPICED","Animate this supplied start frame as one continuous photorealistic portrait 9:16 perfume-commercial shot. Match the first frame exactly: same Filipino adult hands, clothing, jewelry, set, props, warm saturated sunlight and natural skin texture. Hold the upright bottle in front of the red scooter panel with the exact label facing the camera. Only a small natural hand settle.
Camera: Restrained smooth movement only; preserve the supplied viewing angle and full product. Do not zoom out or tilt upward.
Product lock: CHARME ENVOÛTANT; black label; orange-amber liquid. Preserve the label lettering, PARFUM LONDON signature, small 50 ml cylindrical proportions, thick clear base and fitted black cylindrical cap. Keep the cap seated throughout.
No faces or partial faces, necks, chins, people in reflections, new actors, extra fingers, new props, duplicate bottles, label changes, product morphing or liquid-color changes. No cuts within this generated clip. No added captions, promotional lettering, graphic overlays or watermark.
Audio: subtle scene-appropriate room/outdoor ambience and gentle prop foley only; no generated speech or music. Voiceover and exact brand-font text will be added separately in the edit.","","Generate 4 seconds, then trim to 4 seconds in the edit."
"04","campaign","Charme Envoûtant","The sunny stop","2","04–07","3","4","04-campaign-charme-envoutant/frames/02-start.png","04-campaign-charme-envoutant/overlays/02-copy.png","","Try ang Charme Envoûtant ng Dear Body.","Ask the opening buyer question with curiosity, then offer the named scent or brand answer helpfully. Expressive and confident, using a little more energy and decisive phrase endings.","Animate this supplied start frame as one continuous photorealistic portrait 9:16 perfume-commercial shot. Match the first frame exactly: same Filipino adult hands, clothing, jewelry, set, props, warm saturated sunlight and natural skin texture. The free hand adjusts the burgundy strap once, keeping it clear of the bottle label, then relaxes.
Camera: Restrained smooth movement only; preserve the supplied viewing angle and full product. Do not zoom out or tilt upward.
Product lock: CHARME ENVOÛTANT; black label; orange-amber liquid. Preserve the label lettering, PARFUM LONDON signature, small 50 ml cylindrical proportions, thick clear base and fitted black cylindrical cap. Keep the cap seated throughout.
No faces or partial faces, necks, chins, people in reflections, new actors, extra fingers, new props, duplicate bottles, label changes, product morphing or liquid-color changes. No cuts within this generated clip. No added captions, promotional lettering, graphic overlays or watermark.

VOICE IDENTITY
Off-screen female narrator: a Filipina woman around 28 years old, with a warm, clear, conversational mid-range voice and smooth natural resonance. She sounds friendly, confident, curious and lightly playful, like a thoughtful friend helping someone choose a personal fragrance. Speak natural conversational Taglish with fluid Tagalog-English code-switching and a natural Filipina accent. Follow the exact supplied Taglish script; do not translate it into all-English or formal Tagalog. Keep scent names and website button labels unchanged. Keep a subtle smile in the voice, crisp diction, gently varied intonation and relaxed conversational pacing. Emphasize product names and key offer conditions clearly. Preserve the same age, accent, pitch range and vocal texture across every shot. Narration is off-screen; do not introduce a talking person or visible mouth. No shouting, forced whispering, exaggerated accent, celebrity imitation or robotic sales cadence.
VOICE TONE FOR THIS SCENT / STORY
Ask the opening buyer question with curiosity, then offer the named scent or brand answer helpfully. Expressive and confident, using a little more energy and decisive phrase endings.
AUDIO DIRECTION
Generate the following off-screen narration in this clip. Begin promptly and complete the spoken line naturally within the first 3 seconds, then leave quiet ambience for the remaining generation. Keep room tone and prop foley low under the voice; no music or other voices. No visible speaker or lip sync. Use the same selected voice preset/reference as the other clips when the selected Flow model supports it. Exact-font text is added later in the editor; do not generate subtitles.
EXACT VOICEOVER — speak only these words, once:
“Try ang Charme Envoûtant ng Dear Body.”","","CHARME ENVOÛTANT","Animate this supplied start frame as one continuous photorealistic portrait 9:16 perfume-commercial shot. Match the first frame exactly: same Filipino adult hands, clothing, jewelry, set, props, warm saturated sunlight and natural skin texture. The free hand adjusts the burgundy strap once, keeping it clear of the bottle label, then relaxes.
Camera: Restrained smooth movement only; preserve the supplied viewing angle and full product. Do not zoom out or tilt upward.
Product lock: CHARME ENVOÛTANT; black label; orange-amber liquid. Preserve the label lettering, PARFUM LONDON signature, small 50 ml cylindrical proportions, thick clear base and fitted black cylindrical cap. Keep the cap seated throughout.
No faces or partial faces, necks, chins, people in reflections, new actors, extra fingers, new props, duplicate bottles, label changes, product morphing or liquid-color changes. No cuts within this generated clip. No added captions, promotional lettering, graphic overlays or watermark.
Audio: subtle scene-appropriate room/outdoor ambience and gentle prop foley only; no generated speech or music. Voiceover and exact brand-font text will be added separately in the edit.","","Generate 4 seconds, then trim to 3 seconds in the edit."
"04","campaign","Charme Envoûtant","The sunny stop","3","07–11","4","4","04-campaign-charme-envoutant/frames/03-start.png","04-campaign-charme-envoutant/overlays/03-copy.png","","Rich, spiced sweetness na deep at indulgent ang dating.","Ask the opening buyer question with curiosity, then offer the named scent or brand answer helpfully. Expressive and confident, using a little more energy and decisive phrase endings.","Animate this supplied start frame as one continuous photorealistic portrait 9:16 perfume-commercial shot. Match the first frame exactly: same Filipino adult hands, clothing, jewelry, set, props, warm saturated sunlight and natural skin texture. Make a controlled lateral camera slide of 3 cm to reveal a little more chrome rail and orange overshirt. Maintain the torso-down crop.
Camera: Restrained smooth movement only; preserve the supplied viewing angle and full product. Do not zoom out or tilt upward.
Product lock: CHARME ENVOÛTANT; black label; orange-amber liquid. Preserve the label lettering, PARFUM LONDON signature, small 50 ml cylindrical proportions, thick clear base and fitted black cylindrical cap. Keep the cap seated throughout.
No faces or partial faces, necks, chins, people in reflections, new actors, extra fingers, new props, duplicate bottles, label changes, product morphing or liquid-color changes. No cuts within this generated clip. No added captions, promotional lettering, graphic overlays or watermark.

VOICE IDENTITY
Off-screen female narrator: a Filipina woman around 28 years old, with a warm, clear, conversational mid-range voice and smooth natural resonance. She sounds friendly, confident, curious and lightly playful, like a thoughtful friend helping someone choose a personal fragrance. Speak natural conversational Taglish with fluid Tagalog-English code-switching and a natural Filipina accent. Follow the exact supplied Taglish script; do not translate it into all-English or formal Tagalog. Keep scent names and website button labels unchanged. Keep a subtle smile in the voice, crisp diction, gently varied intonation and relaxed conversational pacing. Emphasize product names and key offer conditions clearly. Preserve the same age, accent, pitch range and vocal texture across every shot. Narration is off-screen; do not introduce a talking person or visible mouth. No shouting, forced whispering, exaggerated accent, celebrity imitation or robotic sales cadence.
VOICE TONE FOR THIS SCENT / STORY
Ask the opening buyer question with curiosity, then offer the named scent or brand answer helpfully. Expressive and confident, using a little more energy and decisive phrase endings.
AUDIO DIRECTION
Generate the following off-screen narration in this clip. Begin promptly and complete the spoken line naturally within the first 4 seconds, then leave quiet ambience for the remaining generation. Keep room tone and prop foley low under the voice; no music or other voices. No visible speaker or lip sync. Use the same selected voice preset/reference as the other clips when the selected Flow model supports it. Exact-font text is added later in the editor; do not generate subtitles.
EXACT VOICEOVER — speak only these words, once:
“Rich, spiced sweetness na deep at indulgent ang dating.”","","Rich, spiced sweetness that feels deep and indulgent.","Animate this supplied start frame as one continuous photorealistic portrait 9:16 perfume-commercial shot. Match the first frame exactly: same Filipino adult hands, clothing, jewelry, set, props, warm saturated sunlight and natural skin texture. Make a controlled lateral camera slide of 3 cm to reveal a little more chrome rail and orange overshirt. Maintain the torso-down crop.
Camera: Restrained smooth movement only; preserve the supplied viewing angle and full product. Do not zoom out or tilt upward.
Product lock: CHARME ENVOÛTANT; black label; orange-amber liquid. Preserve the label lettering, PARFUM LONDON signature, small 50 ml cylindrical proportions, thick clear base and fitted black cylindrical cap. Keep the cap seated throughout.
No faces or partial faces, necks, chins, people in reflections, new actors, extra fingers, new props, duplicate bottles, label changes, product morphing or liquid-color changes. No cuts within this generated clip. No added captions, promotional lettering, graphic overlays or watermark.
Audio: subtle scene-appropriate room/outdoor ambience and gentle prop foley only; no generated speech or music. Voiceover and exact brand-font text will be added separately in the edit.","","Generate 4 seconds, then trim to 4 seconds in the edit."
"04","campaign","Charme Envoûtant","The sunny stop","4","11–16","5","6","04-campaign-charme-envoutant/frames/04-start.png","04-campaign-charme-envoutant/overlays/04-copy.png","","Para sa expressive, passionate, at confident na personality.","Ask the opening buyer question with curiosity, then offer the named scent or brand answer helpfully. Expressive and confident, using a little more energy and decisive phrase endings.","Animate this supplied start frame as one continuous photorealistic portrait 9:16 perfume-commercial shot. Match the first frame exactly: same Filipino adult hands, clothing, jewelry, set, props, warm saturated sunlight and natural skin texture. Ease 3 cm closer to the complete bottle, then stop with CHARME ENVOÛTANT sharp and readable.
Camera: Restrained smooth movement only; preserve the supplied viewing angle and full product. Do not zoom out or tilt upward.
Product lock: CHARME ENVOÛTANT; black label; orange-amber liquid. Preserve the label lettering, PARFUM LONDON signature, small 50 ml cylindrical proportions, thick clear base and fitted black cylindrical cap. Keep the cap seated throughout.
No faces or partial faces, necks, chins, people in reflections, new actors, extra fingers, new props, duplicate bottles, label changes, product morphing or liquid-color changes. No cuts within this generated clip. No added captions, promotional lettering, graphic overlays or watermark.

VOICE IDENTITY
Off-screen female narrator: a Filipina woman around 28 years old, with a warm, clear, conversational mid-range voice and smooth natural resonance. She sounds friendly, confident, curious and lightly playful, like a thoughtful friend helping someone choose a personal fragrance. Speak natural conversational Taglish with fluid Tagalog-English code-switching and a natural Filipina accent. Follow the exact supplied Taglish script; do not translate it into all-English or formal Tagalog. Keep scent names and website button labels unchanged. Keep a subtle smile in the voice, crisp diction, gently varied intonation and relaxed conversational pacing. Emphasize product names and key offer conditions clearly. Preserve the same age, accent, pitch range and vocal texture across every shot. Narration is off-screen; do not introduce a talking person or visible mouth. No shouting, forced whispering, exaggerated accent, celebrity imitation or robotic sales cadence.
VOICE TONE FOR THIS SCENT / STORY
Ask the opening buyer question with curiosity, then offer the named scent or brand answer helpfully. Expressive and confident, using a little more energy and decisive phrase endings.
AUDIO DIRECTION
Generate the following off-screen narration in this clip. Begin promptly and complete the spoken line naturally within the first 5 seconds, then leave quiet ambience for the remaining generation. Keep room tone and prop foley low under the voice; no music or other voices. No visible speaker or lip sync. Use the same selected voice preset/reference as the other clips when the selected Flow model supports it. Exact-font text is added later in the editor; do not generate subtitles.
EXACT VOICEOVER — speak only these words, once:
“Para sa expressive, passionate, at confident na personality.”","","EXPRESSIVE · PASSIONATE · CONFIDENT","Animate this supplied start frame as one continuous photorealistic portrait 9:16 perfume-commercial shot. Match the first frame exactly: same Filipino adult hands, clothing, jewelry, set, props, warm saturated sunlight and natural skin texture. Ease 3 cm closer to the complete bottle, then stop with CHARME ENVOÛTANT sharp and readable.
Camera: Restrained smooth movement only; preserve the supplied viewing angle and full product. Do not zoom out or tilt upward.
Product lock: CHARME ENVOÛTANT; black label; orange-amber liquid. Preserve the label lettering, PARFUM LONDON signature, small 50 ml cylindrical proportions, thick clear base and fitted black cylindrical cap. Keep the cap seated throughout.
No faces or partial faces, necks, chins, people in reflections, new actors, extra fingers, new props, duplicate bottles, label changes, product morphing or liquid-color changes. No cuts within this generated clip. No added captions, promotional lettering, graphic overlays or watermark.
Audio: subtle scene-appropriate room/outdoor ambience and gentle prop foley only; no generated speech or music. Voiceover and exact brand-font text will be added separately in the edit.","","Generate 6 seconds, then trim to 5 seconds in the edit."
"04","campaign","Charme Envoûtant","The sunny stop","5","16–23","7","8","04-campaign-charme-envoutant/frames/05-start.png","04-campaign-charme-envoutant/overlays/05-copy.png","","May magnetic cap na nagki-click, pantakip sa spray nozzle. Puwedeng i-collect at i-display.","Ask the opening buyer question with curiosity, then offer the named scent or brand answer helpfully. Expressive and confident, using a little more energy and decisive phrase endings.","Animate this supplied start frame as one continuous photorealistic portrait 9:16 perfume-commercial shot. Match the first frame exactly: same Filipino adult hands, clothing, jewelry, set, props, warm saturated sunlight and natural skin texture. Hold the black label and orange-amber liquid steady against the cream shirt. Let one subtle reflection move along the side glass.
Camera: Restrained smooth movement only; preserve the supplied viewing angle and full product. Do not zoom out or tilt upward.
Product lock: CHARME ENVOÛTANT; black label; orange-amber liquid. Preserve the label lettering, PARFUM LONDON signature, small 50 ml cylindrical proportions, thick clear base and fitted black cylindrical cap. Keep the cap seated throughout.
No faces or partial faces, necks, chins, people in reflections, new actors, extra fingers, new props, duplicate bottles, label changes, product morphing or liquid-color changes. No cuts within this generated clip. No added captions, promotional lettering, graphic overlays or watermark.

VOICE IDENTITY
Off-screen female narrator: a Filipina woman around 28 years old, with a warm, clear, conversational mid-range voice and smooth natural resonance. She sounds friendly, confident, curious and lightly playful, like a thoughtful friend helping someone choose a personal fragrance. Speak natural conversational Taglish with fluid Tagalog-English code-switching and a natural Filipina accent. Follow the exact supplied Taglish script; do not translate it into all-English or formal Tagalog. Keep scent names and website button labels unchanged. Keep a subtle smile in the voice, crisp diction, gently varied intonation and relaxed conversational pacing. Emphasize product names and key offer conditions clearly. Preserve the same age, accent, pitch range and vocal texture across every shot. Narration is off-screen; do not introduce a talking person or visible mouth. No shouting, forced whispering, exaggerated accent, celebrity imitation or robotic sales cadence.
VOICE TONE FOR THIS SCENT / STORY
Ask the opening buyer question with curiosity, then offer the named scent or brand answer helpfully. Expressive and confident, using a little more energy and decisive phrase endings.
AUDIO DIRECTION
Generate the following off-screen narration in this clip. Begin promptly and complete the spoken line naturally within the first 7 seconds, then leave quiet ambience for the remaining generation. Keep room tone and prop foley low under the voice; no music or other voices. No visible speaker or lip sync. Use the same selected voice preset/reference as the other clips when the selected Flow model supports it. Exact-font text is added later in the editor; do not generate subtitles.
EXACT VOICEOVER — speak only these words, once:
“May magnetic cap na nagki-click, pantakip sa spray nozzle. Puwedeng i-collect at i-display.”","","MAGNETIC CAP / COLLECT & DISPLAY","Animate this supplied start frame as one continuous photorealistic portrait 9:16 perfume-commercial shot. Match the first frame exactly: same Filipino adult hands, clothing, jewelry, set, props, warm saturated sunlight and natural skin texture. Hold the black label and orange-amber liquid steady against the cream shirt. Let one subtle reflection move along the side glass.
Camera: Restrained smooth movement only; preserve the supplied viewing angle and full product. Do not zoom out or tilt upward.
Product lock: CHARME ENVOÛTANT; black label; orange-amber liquid. Preserve the label lettering, PARFUM LONDON signature, small 50 ml cylindrical proportions, thick clear base and fitted black cylindrical cap. Keep the cap seated throughout.
No faces or partial faces, necks, chins, people in reflections, new actors, extra fingers, new props, duplicate bottles, label changes, product morphing or liquid-color changes. No cuts within this generated clip. No added captions, promotional lettering, graphic overlays or watermark.
Audio: subtle scene-appropriate room/outdoor ambience and gentle prop foley only; no generated speech or music. Voiceover and exact brand-font text will be added separately in the edit.","","Generate 8 seconds, then trim to 7 seconds in the edit."
"04","campaign","Charme Envoûtant","The sunny stop","6","23–27","4","4","04-campaign-charme-envoutant/frames/06-start.png","04-campaign-charme-envoutant/overlays/06-copy.png","","Free shipping sa two items or more.","Ask the opening buyer question with curiosity, then offer the named scent or brand answer helpfully. Expressive and confident, using a little more energy and decisive phrase endings.","Animate this supplied start frame as one continuous photorealistic portrait 9:16 perfume-commercial shot. Match the first frame exactly: same Filipino adult hands, clothing, jewelry, set, props, warm saturated sunlight and natural skin texture. Lower the supported bottle 2 cm while the free hand settles the burgundy strap. The scooter remains parked and stationary.
Camera: Restrained smooth movement only; preserve the supplied viewing angle and full product. Do not zoom out or tilt upward.
Product lock: CHARME ENVOÛTANT; black label; orange-amber liquid. Preserve the label lettering, PARFUM LONDON signature, small 50 ml cylindrical proportions, thick clear base and fitted black cylindrical cap. Keep the cap seated throughout.
No faces or partial faces, necks, chins, people in reflections, new actors, extra fingers, new props, duplicate bottles, label changes, product morphing or liquid-color changes. No cuts within this generated clip. No added captions, promotional lettering, graphic overlays or watermark.

VOICE IDENTITY
Off-screen female narrator: a Filipina woman around 28 years old, with a warm, clear, conversational mid-range voice and smooth natural resonance. She sounds friendly, confident, curious and lightly playful, like a thoughtful friend helping someone choose a personal fragrance. Speak natural conversational Taglish with fluid Tagalog-English code-switching and a natural Filipina accent. Follow the exact supplied Taglish script; do not translate it into all-English or formal Tagalog. Keep scent names and website button labels unchanged. Keep a subtle smile in the voice, crisp diction, gently varied intonation and relaxed conversational pacing. Emphasize product names and key offer conditions clearly. Preserve the same age, accent, pitch range and vocal texture across every shot. Narration is off-screen; do not introduce a talking person or visible mouth. No shouting, forced whispering, exaggerated accent, celebrity imitation or robotic sales cadence.
VOICE TONE FOR THIS SCENT / STORY
Ask the opening buyer question with curiosity, then offer the named scent or brand answer helpfully. Expressive and confident, using a little more energy and decisive phrase endings.
AUDIO DIRECTION
Generate the following off-screen narration in this clip. Begin promptly and complete the spoken line naturally within the first 4 seconds, then leave quiet ambience for the remaining generation. Keep room tone and prop foley low under the voice; no music or other voices. No visible speaker or lip sync. Use the same selected voice preset/reference as the other clips when the selected Flow model supports it. Exact-font text is added later in the editor; do not generate subtitles.
EXACT VOICEOVER — speak only these words, once:
“Free shipping sa two items or more.”","","FREE SHIPPING / ON 2+ ITEMS","Animate this supplied start frame as one continuous photorealistic portrait 9:16 perfume-commercial shot. Match the first frame exactly: same Filipino adult hands, clothing, jewelry, set, props, warm saturated sunlight and natural skin texture. Lower the supported bottle 2 cm while the free hand settles the burgundy strap. The scooter remains parked and stationary.
Camera: Restrained smooth movement only; preserve the supplied viewing angle and full product. Do not zoom out or tilt upward.
Product lock: CHARME ENVOÛTANT; black label; orange-amber liquid. Preserve the label lettering, PARFUM LONDON signature, small 50 ml cylindrical proportions, thick clear base and fitted black cylindrical cap. Keep the cap seated throughout.
No faces or partial faces, necks, chins, people in reflections, new actors, extra fingers, new props, duplicate bottles, label changes, product morphing or liquid-color changes. No cuts within this generated clip. No added captions, promotional lettering, graphic overlays or watermark.
Audio: subtle scene-appropriate room/outdoor ambience and gentle prop foley only; no generated speech or music. Voiceover and exact brand-font text will be added separately in the edit.","","Generate 4 seconds, then trim to 4 seconds in the edit."
"04","campaign","Charme Envoûtant","The sunny stop","7","27–34","7","8","04-campaign-charme-envoutant/frames/07-start.png","04-campaign-charme-envoutant/overlays/07-copy.png","","May cash on delivery din. Bagay sa vibe mo? Tap Order Now.","Ask the opening buyer question with curiosity, then offer the named scent or brand answer helpfully. Expressive and confident, using a little more energy and decisive phrase endings.","Animate this supplied start frame as one continuous photorealistic portrait 9:16 perfume-commercial shot. Match the first frame exactly: same Filipino adult hands, clothing, jewelry, set, props, warm saturated sunlight and natural skin texture. Hold the bottle beside the red scooter panel, with no movement in the final three seconds.
Camera: Locked composition; final three seconds fully still.
Product lock: CHARME ENVOÛTANT; black label; orange-amber liquid. Preserve the label lettering, PARFUM LONDON signature, small 50 ml cylindrical proportions, thick clear base and fitted black cylindrical cap. Keep the cap seated throughout.
No faces or partial faces, necks, chins, people in reflections, new actors, extra fingers, new props, duplicate bottles, label changes, product morphing or liquid-color changes. No cuts within this generated clip. No added captions, promotional lettering, graphic overlays or watermark.

VOICE IDENTITY
Off-screen female narrator: a Filipina woman around 28 years old, with a warm, clear, conversational mid-range voice and smooth natural resonance. She sounds friendly, confident, curious and lightly playful, like a thoughtful friend helping someone choose a personal fragrance. Speak natural conversational Taglish with fluid Tagalog-English code-switching and a natural Filipina accent. Follow the exact supplied Taglish script; do not translate it into all-English or formal Tagalog. Keep scent names and website button labels unchanged. Keep a subtle smile in the voice, crisp diction, gently varied intonation and relaxed conversational pacing. Emphasize product names and key offer conditions clearly. Preserve the same age, accent, pitch range and vocal texture across every shot. Narration is off-screen; do not introduce a talking person or visible mouth. No shouting, forced whispering, exaggerated accent, celebrity imitation or robotic sales cadence.
VOICE TONE FOR THIS SCENT / STORY
Ask the opening buyer question with curiosity, then offer the named scent or brand answer helpfully. Expressive and confident, using a little more energy and decisive phrase endings.
AUDIO DIRECTION
Generate the following off-screen narration in this clip. Begin promptly and complete the spoken line naturally within the first 7 seconds, then leave quiet ambience for the remaining generation. Keep room tone and prop foley low under the voice; no music or other voices. No visible speaker or lip sync. Use the same selected voice preset/reference as the other clips when the selected Flow model supports it. Exact-font text is added later in the editor; do not generate subtitles.
EXACT VOICEOVER — speak only these words, once:
“May cash on delivery din. Bagay sa vibe mo? Tap Order Now.”","","ORDER NOW / FREE SHIPPING ON 2+ ITEMS / CASH ON DELIVERY","Animate this supplied start frame as one continuous photorealistic portrait 9:16 perfume-commercial shot. Match the first frame exactly: same Filipino adult hands, clothing, jewelry, set, props, warm saturated sunlight and natural skin texture. Hold the bottle beside the red scooter panel, with no movement in the final three seconds.
Camera: Locked composition; final three seconds fully still.
Product lock: CHARME ENVOÛTANT; black label; orange-amber liquid. Preserve the label lettering, PARFUM LONDON signature, small 50 ml cylindrical proportions, thick clear base and fitted black cylindrical cap. Keep the cap seated throughout.
No faces or partial faces, necks, chins, people in reflections, new actors, extra fingers, new props, duplicate bottles, label changes, product morphing or liquid-color changes. No cuts within this generated clip. No added captions, promotional lettering, graphic overlays or watermark.
Audio: subtle scene-appropriate room/outdoor ambience and gentle prop foley only; no generated speech or music. Voiceover and exact brand-font text will be added separately in the edit.","","Generate 8 seconds, then trim to 7 seconds in the edit."
"05","campaign","Oud Mirage","Your courtside chapter","1","00–04","4","4","05-campaign-oud-mirage/frames/01-start.png","05-campaign-oud-mirage/overlays/01-copy.png","","Rose ang gusto mo, pero may smoky depth sana?","Ask the opening buyer question with curiosity, then offer the named scent or brand answer helpfully. Calm, reflective and self-assured. Use soft emphasis and slightly longer pauses without dropping clarity.","Animate this supplied start frame as one continuous photorealistic portrait 9:16 perfume-commercial shot. Match the first frame exactly: same Filipino adult hands, clothing, jewelry, set, props, warm saturated sunlight and natural skin texture. Hold the blue perfume bottle steady against the burgundy jersey. Keep its black label fully front-facing.
Camera: Restrained smooth movement only; preserve the supplied viewing angle and full product. Do not zoom out or tilt upward.
Product lock: OUD MIRAGE; black label; blue liquid. Preserve the label lettering, PARFUM LONDON signature, small 50 ml cylindrical proportions, thick clear base and fitted black cylindrical cap. Keep the cap seated throughout.
No faces or partial faces, necks, chins, people in reflections, new actors, extra fingers, new props, duplicate bottles, label changes, product morphing or liquid-color changes. No cuts within this generated clip. No added captions, promotional lettering, graphic overlays or watermark.

VOICE IDENTITY
Off-screen female narrator: a Filipina woman around 28 years old, with a warm, clear, conversational mid-range voice and smooth natural resonance. She sounds friendly, confident, curious and lightly playful, like a thoughtful friend helping someone choose a personal fragrance. Speak natural conversational Taglish with fluid Tagalog-English code-switching and a natural Filipina accent. Follow the exact supplied Taglish script; do not translate it into all-English or formal Tagalog. Keep scent names and website button labels unchanged. Keep a subtle smile in the voice, crisp diction, gently varied intonation and relaxed conversational pacing. Emphasize product names and key offer conditions clearly. Preserve the same age, accent, pitch range and vocal texture across every shot. Narration is off-screen; do not introduce a talking person or visible mouth. No shouting, forced whispering, exaggerated accent, celebrity imitation or robotic sales cadence.
VOICE TONE FOR THIS SCENT / STORY
Ask the opening buyer question with curiosity, then offer the named scent or brand answer helpfully. Calm, reflective and self-assured. Use soft emphasis and slightly longer pauses without dropping clarity.
AUDIO DIRECTION
Generate the following off-screen narration in this clip. Begin promptly and complete the spoken line naturally within the first 4 seconds, then leave quiet ambience for the remaining generation. Keep room tone and prop foley low under the voice; no music or other voices. No visible speaker or lip sync. Use the same selected voice preset/reference as the other clips when the selected Flow model supports it. Exact-font text is added later in the editor; do not generate subtitles.
EXACT VOICEOVER — speak only these words, once:
“Rose ang gusto mo, pero may smoky depth sana?”","","ROSE, WITH DEPTH? / SMOKY & WOODY","Animate this supplied start frame as one continuous photorealistic portrait 9:16 perfume-commercial shot. Match the first frame exactly: same Filipino adult hands, clothing, jewelry, set, props, warm saturated sunlight and natural skin texture. Hold the blue perfume bottle steady against the burgundy jersey. Keep its black label fully front-facing.
Camera: Restrained smooth movement only; preserve the supplied viewing angle and full product. Do not zoom out or tilt upward.
Product lock: OUD MIRAGE; black label; blue liquid. Preserve the label lettering, PARFUM LONDON signature, small 50 ml cylindrical proportions, thick clear base and fitted black cylindrical cap. Keep the cap seated throughout.
No faces or partial faces, necks, chins, people in reflections, new actors, extra fingers, new props, duplicate bottles, label changes, product morphing or liquid-color changes. No cuts within this generated clip. No added captions, promotional lettering, graphic overlays or watermark.
Audio: subtle scene-appropriate room/outdoor ambience and gentle prop foley only; no generated speech or music. Voiceover and exact brand-font text will be added separately in the edit.","","Generate 4 seconds, then trim to 4 seconds in the edit."
"05","campaign","Oud Mirage","Your courtside chapter","2","04–07","3","4","05-campaign-oud-mirage/frames/02-start.png","05-campaign-oud-mirage/overlays/02-copy.png","","Try ang Oud Mirage ng Dear Body.","Ask the opening buyer question with curiosity, then offer the named scent or brand answer helpfully. Calm, reflective and self-assured. Use soft emphasis and slightly longer pauses without dropping clarity.","Animate this supplied start frame as one continuous photorealistic portrait 9:16 perfume-commercial shot. Match the first frame exactly: same Filipino adult hands, clothing, jewelry, set, props, warm saturated sunlight and natural skin texture. The free hand slowly opens the cobalt bag zipper a few centimeters. Keep the held perfume steady and supported.
Camera: Restrained smooth movement only; preserve the supplied viewing angle and full product. Do not zoom out or tilt upward.
Product lock: OUD MIRAGE; black label; blue liquid. Preserve the label lettering, PARFUM LONDON signature, small 50 ml cylindrical proportions, thick clear base and fitted black cylindrical cap. Keep the cap seated throughout.
No faces or partial faces, necks, chins, people in reflections, new actors, extra fingers, new props, duplicate bottles, label changes, product morphing or liquid-color changes. No cuts within this generated clip. No added captions, promotional lettering, graphic overlays or watermark.

VOICE IDENTITY
Off-screen female narrator: a Filipina woman around 28 years old, with a warm, clear, conversational mid-range voice and smooth natural resonance. She sounds friendly, confident, curious and lightly playful, like a thoughtful friend helping someone choose a personal fragrance. Speak natural conversational Taglish with fluid Tagalog-English code-switching and a natural Filipina accent. Follow the exact supplied Taglish script; do not translate it into all-English or formal Tagalog. Keep scent names and website button labels unchanged. Keep a subtle smile in the voice, crisp diction, gently varied intonation and relaxed conversational pacing. Emphasize product names and key offer conditions clearly. Preserve the same age, accent, pitch range and vocal texture across every shot. Narration is off-screen; do not introduce a talking person or visible mouth. No shouting, forced whispering, exaggerated accent, celebrity imitation or robotic sales cadence.
VOICE TONE FOR THIS SCENT / STORY
Ask the opening buyer question with curiosity, then offer the named scent or brand answer helpfully. Calm, reflective and self-assured. Use soft emphasis and slightly longer pauses without dropping clarity.
AUDIO DIRECTION
Generate the following off-screen narration in this clip. Begin promptly and complete the spoken line naturally within the first 3 seconds, then leave quiet ambience for the remaining generation. Keep room tone and prop foley low under the voice; no music or other voices. No visible speaker or lip sync. Use the same selected voice preset/reference as the other clips when the selected Flow model supports it. Exact-font text is added later in the editor; do not generate subtitles.
EXACT VOICEOVER — speak only these words, once:
“Try ang Oud Mirage ng Dear Body.”","","OUD MIRAGE","Animate this supplied start frame as one continuous photorealistic portrait 9:16 perfume-commercial shot. Match the first frame exactly: same Filipino adult hands, clothing, jewelry, set, props, warm saturated sunlight and natural skin texture. The free hand slowly opens the cobalt bag zipper a few centimeters. Keep the held perfume steady and supported.
Camera: Restrained smooth movement only; preserve the supplied viewing angle and full product. Do not zoom out or tilt upward.
Product lock: OUD MIRAGE; black label; blue liquid. Preserve the label lettering, PARFUM LONDON signature, small 50 ml cylindrical proportions, thick clear base and fitted black cylindrical cap. Keep the cap seated throughout.
No faces or partial faces, necks, chins, people in reflections, new actors, extra fingers, new props, duplicate bottles, label changes, product morphing or liquid-color changes. No cuts within this generated clip. No added captions, promotional lettering, graphic overlays or watermark.
Audio: subtle scene-appropriate room/outdoor ambience and gentle prop foley only; no generated speech or music. Voiceover and exact brand-font text will be added separately in the edit.","","Generate 4 seconds, then trim to 3 seconds in the edit."
"05","campaign","Oud Mirage","Your courtside chapter","3","07–11","4","4","05-campaign-oud-mirage/frames/03-start.png","05-campaign-oud-mirage/overlays/03-copy.png","","Dark rose na balot sa smoky, woody depth.","Ask the opening buyer question with curiosity, then offer the named scent or brand answer helpfully. Calm, reflective and self-assured. Use soft emphasis and slightly longer pauses without dropping clarity.","Animate this supplied start frame as one continuous photorealistic portrait 9:16 perfume-commercial shot. Match the first frame exactly: same Filipino adult hands, clothing, jewelry, set, props, warm saturated sunlight and natural skin texture. The free hand lowers the basketball edge gently into the foreground and stops it, well away from the bottle. The ball never rolls.
Camera: Restrained smooth movement only; preserve the supplied viewing angle and full product. Do not zoom out or tilt upward.
Product lock: OUD MIRAGE; black label; blue liquid. Preserve the label lettering, PARFUM LONDON signature, small 50 ml cylindrical proportions, thick clear base and fitted black cylindrical cap. Keep the cap seated throughout.
No faces or partial faces, necks, chins, people in reflections, new actors, extra fingers, new props, duplicate bottles, label changes, product morphing or liquid-color changes. No cuts within this generated clip. No added captions, promotional lettering, graphic overlays or watermark.

VOICE IDENTITY
Off-screen female narrator: a Filipina woman around 28 years old, with a warm, clear, conversational mid-range voice and smooth natural resonance. She sounds friendly, confident, curious and lightly playful, like a thoughtful friend helping someone choose a personal fragrance. Speak natural conversational Taglish with fluid Tagalog-English code-switching and a natural Filipina accent. Follow the exact supplied Taglish script; do not translate it into all-English or formal Tagalog. Keep scent names and website button labels unchanged. Keep a subtle smile in the voice, crisp diction, gently varied intonation and relaxed conversational pacing. Emphasize product names and key offer conditions clearly. Preserve the same age, accent, pitch range and vocal texture across every shot. Narration is off-screen; do not introduce a talking person or visible mouth. No shouting, forced whispering, exaggerated accent, celebrity imitation or robotic sales cadence.
VOICE TONE FOR THIS SCENT / STORY
Ask the opening buyer question with curiosity, then offer the named scent or brand answer helpfully. Calm, reflective and self-assured. Use soft emphasis and slightly longer pauses without dropping clarity.
AUDIO DIRECTION
Generate the following off-screen narration in this clip. Begin promptly and complete the spoken line naturally within the first 4 seconds, then leave quiet ambience for the remaining generation. Keep room tone and prop foley low under the voice; no music or other voices. No visible speaker or lip sync. Use the same selected voice preset/reference as the other clips when the selected Flow model supports it. Exact-font text is added later in the editor; do not generate subtitles.
EXACT VOICEOVER — speak only these words, once:
“Dark rose na balot sa smoky, woody depth.”","","Dark rose wrapped in smoky, woody depth.","Animate this supplied start frame as one continuous photorealistic portrait 9:16 perfume-commercial shot. Match the first frame exactly: same Filipino adult hands, clothing, jewelry, set, props, warm saturated sunlight and natural skin texture. The free hand lowers the basketball edge gently into the foreground and stops it, well away from the bottle. The ball never rolls.
Camera: Restrained smooth movement only; preserve the supplied viewing angle and full product. Do not zoom out or tilt upward.
Product lock: OUD MIRAGE; black label; blue liquid. Preserve the label lettering, PARFUM LONDON signature, small 50 ml cylindrical proportions, thick clear base and fitted black cylindrical cap. Keep the cap seated throughout.
No faces or partial faces, necks, chins, people in reflections, new actors, extra fingers, new props, duplicate bottles, label changes, product morphing or liquid-color changes. No cuts within this generated clip. No added captions, promotional lettering, graphic overlays or watermark.
Audio: subtle scene-appropriate room/outdoor ambience and gentle prop foley only; no generated speech or music. Voiceover and exact brand-font text will be added separately in the edit.","","Generate 4 seconds, then trim to 4 seconds in the edit."
"05","campaign","Oud Mirage","Your courtside chapter","4","11–16","5","6","05-campaign-oud-mirage/frames/04-start.png","05-campaign-oud-mirage/overlays/04-copy.png","","Para sa independent, reflective, at self-assured na personality.","Ask the opening buyer question with curiosity, then offer the named scent or brand answer helpfully. Calm, reflective and self-assured. Use soft emphasis and slightly longer pauses without dropping clarity.","Animate this supplied start frame as one continuous photorealistic portrait 9:16 perfume-commercial shot. Match the first frame exactly: same Filipino adult hands, clothing, jewelry, set, props, warm saturated sunlight and natural skin texture. Make a small camera push toward the complete bottle and stop on OUD MIRAGE. Preserve full cap and glass base.
Camera: Restrained smooth movement only; preserve the supplied viewing angle and full product. Do not zoom out or tilt upward.
Product lock: OUD MIRAGE; black label; blue liquid. Preserve the label lettering, PARFUM LONDON signature, small 50 ml cylindrical proportions, thick clear base and fitted black cylindrical cap. Keep the cap seated throughout.
No faces or partial faces, necks, chins, people in reflections, new actors, extra fingers, new props, duplicate bottles, label changes, product morphing or liquid-color changes. No cuts within this generated clip. No added captions, promotional lettering, graphic overlays or watermark.

VOICE IDENTITY
Off-screen female narrator: a Filipina woman around 28 years old, with a warm, clear, conversational mid-range voice and smooth natural resonance. She sounds friendly, confident, curious and lightly playful, like a thoughtful friend helping someone choose a personal fragrance. Speak natural conversational Taglish with fluid Tagalog-English code-switching and a natural Filipina accent. Follow the exact supplied Taglish script; do not translate it into all-English or formal Tagalog. Keep scent names and website button labels unchanged. Keep a subtle smile in the voice, crisp diction, gently varied intonation and relaxed conversational pacing. Emphasize product names and key offer conditions clearly. Preserve the same age, accent, pitch range and vocal texture across every shot. Narration is off-screen; do not introduce a talking person or visible mouth. No shouting, forced whispering, exaggerated accent, celebrity imitation or robotic sales cadence.
VOICE TONE FOR THIS SCENT / STORY
Ask the opening buyer question with curiosity, then offer the named scent or brand answer helpfully. Calm, reflective and self-assured. Use soft emphasis and slightly longer pauses without dropping clarity.
AUDIO DIRECTION
Generate the following off-screen narration in this clip. Begin promptly and complete the spoken line naturally within the first 5 seconds, then leave quiet ambience for the remaining generation. Keep room tone and prop foley low under the voice; no music or other voices. No visible speaker or lip sync. Use the same selected voice preset/reference as the other clips when the selected Flow model supports it. Exact-font text is added later in the editor; do not generate subtitles.
EXACT VOICEOVER — speak only these words, once:
“Para sa independent, reflective, at self-assured na personality.”","","INDEPENDENT · REFLECTIVE · SELF-ASSURED","Animate this supplied start frame as one continuous photorealistic portrait 9:16 perfume-commercial shot. Match the first frame exactly: same Filipino adult hands, clothing, jewelry, set, props, warm saturated sunlight and natural skin texture. Make a small camera push toward the complete bottle and stop on OUD MIRAGE. Preserve full cap and glass base.
Camera: Restrained smooth movement only; preserve the supplied viewing angle and full product. Do not zoom out or tilt upward.
Product lock: OUD MIRAGE; black label; blue liquid. Preserve the label lettering, PARFUM LONDON signature, small 50 ml cylindrical proportions, thick clear base and fitted black cylindrical cap. Keep the cap seated throughout.
No faces or partial faces, necks, chins, people in reflections, new actors, extra fingers, new props, duplicate bottles, label changes, product morphing or liquid-color changes. No cuts within this generated clip. No added captions, promotional lettering, graphic overlays or watermark.
Audio: subtle scene-appropriate room/outdoor ambience and gentle prop foley only; no generated speech or music. Voiceover and exact brand-font text will be added separately in the edit.","","Generate 6 seconds, then trim to 5 seconds in the edit."
"05","campaign","Oud Mirage","Your courtside chapter","5","16–23","7","8","05-campaign-oud-mirage/frames/05-start.png","05-campaign-oud-mirage/overlays/05-copy.png","","May magnetic cap na nagki-click, pantakip sa spray nozzle. Puwedeng i-collect at i-display.","Ask the opening buyer question with curiosity, then offer the named scent or brand answer helpfully. Calm, reflective and self-assured. Use soft emphasis and slightly longer pauses without dropping clarity.","Animate this supplied start frame as one continuous photorealistic portrait 9:16 perfume-commercial shot. Match the first frame exactly: same Filipino adult hands, clothing, jewelry, set, props, warm saturated sunlight and natural skin texture. Hold the blue liquid and black label in crisp focus against orange and burgundy; allow a tiny natural hand settle.
Camera: Restrained smooth movement only; preserve the supplied viewing angle and full product. Do not zoom out or tilt upward.
Product lock: OUD MIRAGE; black label; blue liquid. Preserve the label lettering, PARFUM LONDON signature, small 50 ml cylindrical proportions, thick clear base and fitted black cylindrical cap. Keep the cap seated throughout.
No faces or partial faces, necks, chins, people in reflections, new actors, extra fingers, new props, duplicate bottles, label changes, product morphing or liquid-color changes. No cuts within this generated clip. No added captions, promotional lettering, graphic overlays or watermark.

VOICE IDENTITY
Off-screen female narrator: a Filipina woman around 28 years old, with a warm, clear, conversational mid-range voice and smooth natural resonance. She sounds friendly, confident, curious and lightly playful, like a thoughtful friend helping someone choose a personal fragrance. Speak natural conversational Taglish with fluid Tagalog-English code-switching and a natural Filipina accent. Follow the exact supplied Taglish script; do not translate it into all-English or formal Tagalog. Keep scent names and website button labels unchanged. Keep a subtle smile in the voice, crisp diction, gently varied intonation and relaxed conversational pacing. Emphasize product names and key offer conditions clearly. Preserve the same age, accent, pitch range and vocal texture across every shot. Narration is off-screen; do not introduce a talking person or visible mouth. No shouting, forced whispering, exaggerated accent, celebrity imitation or robotic sales cadence.
VOICE TONE FOR THIS SCENT / STORY
Ask the opening buyer question with curiosity, then offer the named scent or brand answer helpfully. Calm, reflective and self-assured. Use soft emphasis and slightly longer pauses without dropping clarity.
AUDIO DIRECTION
Generate the following off-screen narration in this clip. Begin promptly and complete the spoken line naturally within the first 7 seconds, then leave quiet ambience for the remaining generation. Keep room tone and prop foley low under the voice; no music or other voices. No visible speaker or lip sync. Use the same selected voice preset/reference as the other clips when the selected Flow model supports it. Exact-font text is added later in the editor; do not generate subtitles.
EXACT VOICEOVER — speak only these words, once:
“May magnetic cap na nagki-click, pantakip sa spray nozzle. Puwedeng i-collect at i-display.”","","MAGNETIC CAP / COLLECT & DISPLAY","Animate this supplied start frame as one continuous photorealistic portrait 9:16 perfume-commercial shot. Match the first frame exactly: same Filipino adult hands, clothing, jewelry, set, props, warm saturated sunlight and natural skin texture. Hold the blue liquid and black label in crisp focus against orange and burgundy; allow a tiny natural hand settle.
Camera: Restrained smooth movement only; preserve the supplied viewing angle and full product. Do not zoom out or tilt upward.
Product lock: OUD MIRAGE; black label; blue liquid. Preserve the label lettering, PARFUM LONDON signature, small 50 ml cylindrical proportions, thick clear base and fitted black cylindrical cap. Keep the cap seated throughout.
No faces or partial faces, necks, chins, people in reflections, new actors, extra fingers, new props, duplicate bottles, label changes, product morphing or liquid-color changes. No cuts within this generated clip. No added captions, promotional lettering, graphic overlays or watermark.
Audio: subtle scene-appropriate room/outdoor ambience and gentle prop foley only; no generated speech or music. Voiceover and exact brand-font text will be added separately in the edit.","","Generate 8 seconds, then trim to 7 seconds in the edit."
"05","campaign","Oud Mirage","Your courtside chapter","6","23–27","4","4","05-campaign-oud-mirage/frames/06-start.png","05-campaign-oud-mirage/overlays/06-copy.png","","Free shipping sa two items or more.","Ask the opening buyer question with curiosity, then offer the named scent or brand answer helpfully. Calm, reflective and self-assured. Use soft emphasis and slightly longer pauses without dropping clarity.","Animate this supplied start frame as one continuous photorealistic portrait 9:16 perfume-commercial shot. Match the first frame exactly: same Filipino adult hands, clothing, jewelry, set, props, warm saturated sunlight and natural skin texture. Move the supported bottle 2 cm toward the open cobalt bag. Pause with the whole label still visible and cut before it leaves the frame.
Camera: Restrained smooth movement only; preserve the supplied viewing angle and full product. Do not zoom out or tilt upward.
Product lock: OUD MIRAGE; black label; blue liquid. Preserve the label lettering, PARFUM LONDON signature, small 50 ml cylindrical proportions, thick clear base and fitted black cylindrical cap. Keep the cap seated throughout.
No faces or partial faces, necks, chins, people in reflections, new actors, extra fingers, new props, duplicate bottles, label changes, product morphing or liquid-color changes. No cuts within this generated clip. No added captions, promotional lettering, graphic overlays or watermark.

VOICE IDENTITY
Off-screen female narrator: a Filipina woman around 28 years old, with a warm, clear, conversational mid-range voice and smooth natural resonance. She sounds friendly, confident, curious and lightly playful, like a thoughtful friend helping someone choose a personal fragrance. Speak natural conversational Taglish with fluid Tagalog-English code-switching and a natural Filipina accent. Follow the exact supplied Taglish script; do not translate it into all-English or formal Tagalog. Keep scent names and website button labels unchanged. Keep a subtle smile in the voice, crisp diction, gently varied intonation and relaxed conversational pacing. Emphasize product names and key offer conditions clearly. Preserve the same age, accent, pitch range and vocal texture across every shot. Narration is off-screen; do not introduce a talking person or visible mouth. No shouting, forced whispering, exaggerated accent, celebrity imitation or robotic sales cadence.
VOICE TONE FOR THIS SCENT / STORY
Ask the opening buyer question with curiosity, then offer the named scent or brand answer helpfully. Calm, reflective and self-assured. Use soft emphasis and slightly longer pauses without dropping clarity.
AUDIO DIRECTION
Generate the following off-screen narration in this clip. Begin promptly and complete the spoken line naturally within the first 4 seconds, then leave quiet ambience for the remaining generation. Keep room tone and prop foley low under the voice; no music or other voices. No visible speaker or lip sync. Use the same selected voice preset/reference as the other clips when the selected Flow model supports it. Exact-font text is added later in the editor; do not generate subtitles.
EXACT VOICEOVER — speak only these words, once:
“Free shipping sa two items or more.”","","FREE SHIPPING / ON 2+ ITEMS","Animate this supplied start frame as one continuous photorealistic portrait 9:16 perfume-commercial shot. Match the first frame exactly: same Filipino adult hands, clothing, jewelry, set, props, warm saturated sunlight and natural skin texture. Move the supported bottle 2 cm toward the open cobalt bag. Pause with the whole label still visible and cut before it leaves the frame.
Camera: Restrained smooth movement only; preserve the supplied viewing angle and full product. Do not zoom out or tilt upward.
Product lock: OUD MIRAGE; black label; blue liquid. Preserve the label lettering, PARFUM LONDON signature, small 50 ml cylindrical proportions, thick clear base and fitted black cylindrical cap. Keep the cap seated throughout.
No faces or partial faces, necks, chins, people in reflections, new actors, extra fingers, new props, duplicate bottles, label changes, product morphing or liquid-color changes. No cuts within this generated clip. No added captions, promotional lettering, graphic overlays or watermark.
Audio: subtle scene-appropriate room/outdoor ambience and gentle prop foley only; no generated speech or music. Voiceover and exact brand-font text will be added separately in the edit.","","Generate 4 seconds, then trim to 4 seconds in the edit."
"05","campaign","Oud Mirage","Your courtside chapter","7","27–34","7","8","05-campaign-oud-mirage/frames/07-start.png","05-campaign-oud-mirage/overlays/07-copy.png","","May cash on delivery din. Bagay sa vibe mo? Tap Order Now.","Ask the opening buyer question with curiosity, then offer the named scent or brand answer helpfully. Calm, reflective and self-assured. Use soft emphasis and slightly longer pauses without dropping clarity.","Animate this supplied start frame as one continuous photorealistic portrait 9:16 perfume-commercial shot. Match the first frame exactly: same Filipino adult hands, clothing, jewelry, set, props, warm saturated sunlight and natural skin texture. Hold the bottle, bag and jersey hero. No movement for the final three seconds.
Camera: Locked composition; final three seconds fully still.
Product lock: OUD MIRAGE; black label; blue liquid. Preserve the label lettering, PARFUM LONDON signature, small 50 ml cylindrical proportions, thick clear base and fitted black cylindrical cap. Keep the cap seated throughout.
No faces or partial faces, necks, chins, people in reflections, new actors, extra fingers, new props, duplicate bottles, label changes, product morphing or liquid-color changes. No cuts within this generated clip. No added captions, promotional lettering, graphic overlays or watermark.

VOICE IDENTITY
Off-screen female narrator: a Filipina woman around 28 years old, with a warm, clear, conversational mid-range voice and smooth natural resonance. She sounds friendly, confident, curious and lightly playful, like a thoughtful friend helping someone choose a personal fragrance. Speak natural conversational Taglish with fluid Tagalog-English code-switching and a natural Filipina accent. Follow the exact supplied Taglish script; do not translate it into all-English or formal Tagalog. Keep scent names and website button labels unchanged. Keep a subtle smile in the voice, crisp diction, gently varied intonation and relaxed conversational pacing. Emphasize product names and key offer conditions clearly. Preserve the same age, accent, pitch range and vocal texture across every shot. Narration is off-screen; do not introduce a talking person or visible mouth. No shouting, forced whispering, exaggerated accent, celebrity imitation or robotic sales cadence.
VOICE TONE FOR THIS SCENT / STORY
Ask the opening buyer question with curiosity, then offer the named scent or brand answer helpfully. Calm, reflective and self-assured. Use soft emphasis and slightly longer pauses without dropping clarity.
AUDIO DIRECTION
Generate the following off-screen narration in this clip. Begin promptly and complete the spoken line naturally within the first 7 seconds, then leave quiet ambience for the remaining generation. Keep room tone and prop foley low under the voice; no music or other voices. No visible speaker or lip sync. Use the same selected voice preset/reference as the other clips when the selected Flow model supports it. Exact-font text is added later in the editor; do not generate subtitles.
EXACT VOICEOVER — speak only these words, once:
“May cash on delivery din. Bagay sa vibe mo? Tap Order Now.”","","ORDER NOW / FREE SHIPPING ON 2+ ITEMS / CASH ON DELIVERY","Animate this supplied start frame as one continuous photorealistic portrait 9:16 perfume-commercial shot. Match the first frame exactly: same Filipino adult hands, clothing, jewelry, set, props, warm saturated sunlight and natural skin texture. Hold the bottle, bag and jersey hero. No movement for the final three seconds.
Camera: Locked composition; final three seconds fully still.
Product lock: OUD MIRAGE; black label; blue liquid. Preserve the label lettering, PARFUM LONDON signature, small 50 ml cylindrical proportions, thick clear base and fitted black cylindrical cap. Keep the cap seated throughout.
No faces or partial faces, necks, chins, people in reflections, new actors, extra fingers, new props, duplicate bottles, label changes, product morphing or liquid-color changes. No cuts within this generated clip. No added captions, promotional lettering, graphic overlays or watermark.
Audio: subtle scene-appropriate room/outdoor ambience and gentle prop foley only; no generated speech or music. Voiceover and exact brand-font text will be added separately in the edit.","","Generate 8 seconds, then trim to 7 seconds in the edit."
"06","campaign","Rtulle & Satin","Bring your creative side","1","00–04","4","4","06-campaign-rtulle-and-satin/frames/01-start.png","06-campaign-rtulle-and-satin/overlays/01-copy.png","","Naghahanap ng airy sweetness na may warm na dating?","Ask the opening buyer question with curiosity, then offer the named scent or brand answer helpfully. Gentle, imaginative and inviting, with a quiet sense of curiosity.","Animate this supplied start frame as one continuous photorealistic portrait 9:16 perfume-commercial shot. Match the first frame exactly: same Filipino adult hands, clothing, jewelry, set, props, warm saturated sunlight and natural skin texture. Hold the complete bottle above the turquoise tote. Let the supporting hand settle once, keeping the label upright.
Camera: Restrained smooth movement only; preserve the supplied viewing angle and full product. Do not zoom out or tilt upward.
Product lock: RTULLE & SATIN; black label; turquoise liquid. Preserve the label lettering, PARFUM LONDON signature, small 50 ml cylindrical proportions, thick clear base and fitted black cylindrical cap. Keep the cap seated throughout.
No faces or partial faces, necks, chins, people in reflections, new actors, extra fingers, new props, duplicate bottles, label changes, product morphing or liquid-color changes. No cuts within this generated clip. No added captions, promotional lettering, graphic overlays or watermark.

VOICE IDENTITY
Off-screen female narrator: a Filipina woman around 28 years old, with a warm, clear, conversational mid-range voice and smooth natural resonance. She sounds friendly, confident, curious and lightly playful, like a thoughtful friend helping someone choose a personal fragrance. Speak natural conversational Taglish with fluid Tagalog-English code-switching and a natural Filipina accent. Follow the exact supplied Taglish script; do not translate it into all-English or formal Tagalog. Keep scent names and website button labels unchanged. Keep a subtle smile in the voice, crisp diction, gently varied intonation and relaxed conversational pacing. Emphasize product names and key offer conditions clearly. Preserve the same age, accent, pitch range and vocal texture across every shot. Narration is off-screen; do not introduce a talking person or visible mouth. No shouting, forced whispering, exaggerated accent, celebrity imitation or robotic sales cadence.
VOICE TONE FOR THIS SCENT / STORY
Ask the opening buyer question with curiosity, then offer the named scent or brand answer helpfully. Gentle, imaginative and inviting, with a quiet sense of curiosity.
AUDIO DIRECTION
Generate the following off-screen narration in this clip. Begin promptly and complete the spoken line naturally within the first 4 seconds, then leave quiet ambience for the remaining generation. Keep room tone and prop foley low under the voice; no music or other voices. No visible speaker or lip sync. Use the same selected voice preset/reference as the other clips when the selected Flow model supports it. Exact-font text is added later in the editor; do not generate subtitles.
EXACT VOICEOVER — speak only these words, once:
“Naghahanap ng airy sweetness na may warm na dating?”","","AIRY SWEETNESS? / A WARM TRAIL","Animate this supplied start frame as one continuous photorealistic portrait 9:16 perfume-commercial shot. Match the first frame exactly: same Filipino adult hands, clothing, jewelry, set, props, warm saturated sunlight and natural skin texture. Hold the complete bottle above the turquoise tote. Let the supporting hand settle once, keeping the label upright.
Camera: Restrained smooth movement only; preserve the supplied viewing angle and full product. Do not zoom out or tilt upward.
Product lock: RTULLE & SATIN; black label; turquoise liquid. Preserve the label lettering, PARFUM LONDON signature, small 50 ml cylindrical proportions, thick clear base and fitted black cylindrical cap. Keep the cap seated throughout.
No faces or partial faces, necks, chins, people in reflections, new actors, extra fingers, new props, duplicate bottles, label changes, product morphing or liquid-color changes. No cuts within this generated clip. No added captions, promotional lettering, graphic overlays or watermark.
Audio: subtle scene-appropriate room/outdoor ambience and gentle prop foley only; no generated speech or music. Voiceover and exact brand-font text will be added separately in the edit.","","Generate 4 seconds, then trim to 4 seconds in the edit."
"06","campaign","Rtulle & Satin","Bring your creative side","2","04–07","3","4","06-campaign-rtulle-and-satin/frames/02-start.png","06-campaign-rtulle-and-satin/overlays/02-copy.png","","Try ang Rtulle & Satin ng Dear Body.","Ask the opening buyer question with curiosity, then offer the named scent or brand answer helpfully. Gentle, imaginative and inviting, with a quiet sense of curiosity.","Animate this supplied start frame as one continuous photorealistic portrait 9:16 perfume-commercial shot. Match the first frame exactly: same Filipino adult hands, clothing, jewelry, set, props, warm saturated sunlight and natural skin texture. The free hand lowers the clean brush onto the ochre saucer and lets it rest. The other hand holds the bottle steady.
Camera: Restrained smooth movement only; preserve the supplied viewing angle and full product. Do not zoom out or tilt upward.
Product lock: RTULLE & SATIN; black label; turquoise liquid. Preserve the label lettering, PARFUM LONDON signature, small 50 ml cylindrical proportions, thick clear base and fitted black cylindrical cap. Keep the cap seated throughout.
No faces or partial faces, necks, chins, people in reflections, new actors, extra fingers, new props, duplicate bottles, label changes, product morphing or liquid-color changes. No cuts within this generated clip. No added captions, promotional lettering, graphic overlays or watermark.

VOICE IDENTITY
Off-screen female narrator: a Filipina woman around 28 years old, with a warm, clear, conversational mid-range voice and smooth natural resonance. She sounds friendly, confident, curious and lightly playful, like a thoughtful friend helping someone choose a personal fragrance. Speak natural conversational Taglish with fluid Tagalog-English code-switching and a natural Filipina accent. Follow the exact supplied Taglish script; do not translate it into all-English or formal Tagalog. Keep scent names and website button labels unchanged. Keep a subtle smile in the voice, crisp diction, gently varied intonation and relaxed conversational pacing. Emphasize product names and key offer conditions clearly. Preserve the same age, accent, pitch range and vocal texture across every shot. Narration is off-screen; do not introduce a talking person or visible mouth. No shouting, forced whispering, exaggerated accent, celebrity imitation or robotic sales cadence.
VOICE TONE FOR THIS SCENT / STORY
Ask the opening buyer question with curiosity, then offer the named scent or brand answer helpfully. Gentle, imaginative and inviting, with a quiet sense of curiosity.
AUDIO DIRECTION
Generate the following off-screen narration in this clip. Begin promptly and complete the spoken line naturally within the first 3 seconds, then leave quiet ambience for the remaining generation. Keep room tone and prop foley low under the voice; no music or other voices. No visible speaker or lip sync. Use the same selected voice preset/reference as the other clips when the selected Flow model supports it. Exact-font text is added later in the editor; do not generate subtitles.
EXACT VOICEOVER — speak only these words, once:
“Try ang Rtulle & Satin ng Dear Body.”","","RTULLE & SATIN","Animate this supplied start frame as one continuous photorealistic portrait 9:16 perfume-commercial shot. Match the first frame exactly: same Filipino adult hands, clothing, jewelry, set, props, warm saturated sunlight and natural skin texture. The free hand lowers the clean brush onto the ochre saucer and lets it rest. The other hand holds the bottle steady.
Camera: Restrained smooth movement only; preserve the supplied viewing angle and full product. Do not zoom out or tilt upward.
Product lock: RTULLE & SATIN; black label; turquoise liquid. Preserve the label lettering, PARFUM LONDON signature, small 50 ml cylindrical proportions, thick clear base and fitted black cylindrical cap. Keep the cap seated throughout.
No faces or partial faces, necks, chins, people in reflections, new actors, extra fingers, new props, duplicate bottles, label changes, product morphing or liquid-color changes. No cuts within this generated clip. No added captions, promotional lettering, graphic overlays or watermark.
Audio: subtle scene-appropriate room/outdoor ambience and gentle prop foley only; no generated speech or music. Voiceover and exact brand-font text will be added separately in the edit.","","Generate 4 seconds, then trim to 3 seconds in the edit."
"06","campaign","Rtulle & Satin","Bring your creative side","3","07–11","4","4","06-campaign-rtulle-and-satin/frames/03-start.png","06-campaign-rtulle-and-satin/overlays/03-copy.png","","Airy sweetness na may warm, glowing trail.","Ask the opening buyer question with curiosity, then offer the named scent or brand answer helpfully. Gentle, imaginative and inviting, with a quiet sense of curiosity.","Animate this supplied start frame as one continuous photorealistic portrait 9:16 perfume-commercial shot. Match the first frame exactly: same Filipino adult hands, clothing, jewelry, set, props, warm saturated sunlight and natural skin texture. The free hand pulls the tote handle into one loose curve across the frame and stops. Do not move the bottle away from the camera.
Camera: Restrained smooth movement only; preserve the supplied viewing angle and full product. Do not zoom out or tilt upward.
Product lock: RTULLE & SATIN; black label; turquoise liquid. Preserve the label lettering, PARFUM LONDON signature, small 50 ml cylindrical proportions, thick clear base and fitted black cylindrical cap. Keep the cap seated throughout.
No faces or partial faces, necks, chins, people in reflections, new actors, extra fingers, new props, duplicate bottles, label changes, product morphing or liquid-color changes. No cuts within this generated clip. No added captions, promotional lettering, graphic overlays or watermark.

VOICE IDENTITY
Off-screen female narrator: a Filipina woman around 28 years old, with a warm, clear, conversational mid-range voice and smooth natural resonance. She sounds friendly, confident, curious and lightly playful, like a thoughtful friend helping someone choose a personal fragrance. Speak natural conversational Taglish with fluid Tagalog-English code-switching and a natural Filipina accent. Follow the exact supplied Taglish script; do not translate it into all-English or formal Tagalog. Keep scent names and website button labels unchanged. Keep a subtle smile in the voice, crisp diction, gently varied intonation and relaxed conversational pacing. Emphasize product names and key offer conditions clearly. Preserve the same age, accent, pitch range and vocal texture across every shot. Narration is off-screen; do not introduce a talking person or visible mouth. No shouting, forced whispering, exaggerated accent, celebrity imitation or robotic sales cadence.
VOICE TONE FOR THIS SCENT / STORY
Ask the opening buyer question with curiosity, then offer the named scent or brand answer helpfully. Gentle, imaginative and inviting, with a quiet sense of curiosity.
AUDIO DIRECTION
Generate the following off-screen narration in this clip. Begin promptly and complete the spoken line naturally within the first 4 seconds, then leave quiet ambience for the remaining generation. Keep room tone and prop foley low under the voice; no music or other voices. No visible speaker or lip sync. Use the same selected voice preset/reference as the other clips when the selected Flow model supports it. Exact-font text is added later in the editor; do not generate subtitles.
EXACT VOICEOVER — speak only these words, once:
“Airy sweetness na may warm, glowing trail.”","","Airy sweetness with a warm, glowing trail.","Animate this supplied start frame as one continuous photorealistic portrait 9:16 perfume-commercial shot. Match the first frame exactly: same Filipino adult hands, clothing, jewelry, set, props, warm saturated sunlight and natural skin texture. The free hand pulls the tote handle into one loose curve across the frame and stops. Do not move the bottle away from the camera.
Camera: Restrained smooth movement only; preserve the supplied viewing angle and full product. Do not zoom out or tilt upward.
Product lock: RTULLE & SATIN; black label; turquoise liquid. Preserve the label lettering, PARFUM LONDON signature, small 50 ml cylindrical proportions, thick clear base and fitted black cylindrical cap. Keep the cap seated throughout.
No faces or partial faces, necks, chins, people in reflections, new actors, extra fingers, new props, duplicate bottles, label changes, product morphing or liquid-color changes. No cuts within this generated clip. No added captions, promotional lettering, graphic overlays or watermark.
Audio: subtle scene-appropriate room/outdoor ambience and gentle prop foley only; no generated speech or music. Voiceover and exact brand-font text will be added separately in the edit.","","Generate 4 seconds, then trim to 4 seconds in the edit."
"06","campaign","Rtulle & Satin","Bring your creative side","4","11–16","5","6","06-campaign-rtulle-and-satin/frames/04-start.png","06-campaign-rtulle-and-satin/overlays/04-copy.png","","Para sa gentle, imaginative, at lighthearted na personality.","Ask the opening buyer question with curiosity, then offer the named scent or brand answer helpfully. Gentle, imaginative and inviting, with a quiet sense of curiosity.","Animate this supplied start frame as one continuous photorealistic portrait 9:16 perfume-commercial shot. Match the first frame exactly: same Filipino adult hands, clothing, jewelry, set, props, warm saturated sunlight and natural skin texture. Hold the full bottle square to camera, then make a restrained 3 cm push that preserves the exact RTULLE & SATIN label.
Camera: Restrained smooth movement only; preserve the supplied viewing angle and full product. Do not zoom out or tilt upward.
Product lock: RTULLE & SATIN; black label; turquoise liquid. Preserve the label lettering, PARFUM LONDON signature, small 50 ml cylindrical proportions, thick clear base and fitted black cylindrical cap. Keep the cap seated throughout.
No faces or partial faces, necks, chins, people in reflections, new actors, extra fingers, new props, duplicate bottles, label changes, product morphing or liquid-color changes. No cuts within this generated clip. No added captions, promotional lettering, graphic overlays or watermark.

VOICE IDENTITY
Off-screen female narrator: a Filipina woman around 28 years old, with a warm, clear, conversational mid-range voice and smooth natural resonance. She sounds friendly, confident, curious and lightly playful, like a thoughtful friend helping someone choose a personal fragrance. Speak natural conversational Taglish with fluid Tagalog-English code-switching and a natural Filipina accent. Follow the exact supplied Taglish script; do not translate it into all-English or formal Tagalog. Keep scent names and website button labels unchanged. Keep a subtle smile in the voice, crisp diction, gently varied intonation and relaxed conversational pacing. Emphasize product names and key offer conditions clearly. Preserve the same age, accent, pitch range and vocal texture across every shot. Narration is off-screen; do not introduce a talking person or visible mouth. No shouting, forced whispering, exaggerated accent, celebrity imitation or robotic sales cadence.
VOICE TONE FOR THIS SCENT / STORY
Ask the opening buyer question with curiosity, then offer the named scent or brand answer helpfully. Gentle, imaginative and inviting, with a quiet sense of curiosity.
AUDIO DIRECTION
Generate the following off-screen narration in this clip. Begin promptly and complete the spoken line naturally within the first 5 seconds, then leave quiet ambience for the remaining generation. Keep room tone and prop foley low under the voice; no music or other voices. No visible speaker or lip sync. Use the same selected voice preset/reference as the other clips when the selected Flow model supports it. Exact-font text is added later in the editor; do not generate subtitles.
EXACT VOICEOVER — speak only these words, once:
“Para sa gentle, imaginative, at lighthearted na personality.”","","GENTLE · IMAGINATIVE · LIGHTHEARTED","Animate this supplied start frame as one continuous photorealistic portrait 9:16 perfume-commercial shot. Match the first frame exactly: same Filipino adult hands, clothing, jewelry, set, props, warm saturated sunlight and natural skin texture. Hold the full bottle square to camera, then make a restrained 3 cm push that preserves the exact RTULLE & SATIN label.
Camera: Restrained smooth movement only; preserve the supplied viewing angle and full product. Do not zoom out or tilt upward.
Product lock: RTULLE & SATIN; black label; turquoise liquid. Preserve the label lettering, PARFUM LONDON signature, small 50 ml cylindrical proportions, thick clear base and fitted black cylindrical cap. Keep the cap seated throughout.
No faces or partial faces, necks, chins, people in reflections, new actors, extra fingers, new props, duplicate bottles, label changes, product morphing or liquid-color changes. No cuts within this generated clip. No added captions, promotional lettering, graphic overlays or watermark.
Audio: subtle scene-appropriate room/outdoor ambience and gentle prop foley only; no generated speech or music. Voiceover and exact brand-font text will be added separately in the edit.","","Generate 6 seconds, then trim to 5 seconds in the edit."
"06","campaign","Rtulle & Satin","Bring your creative side","5","16–23","7","8","06-campaign-rtulle-and-satin/frames/05-start.png","06-campaign-rtulle-and-satin/overlays/05-copy.png","","May magnetic cap na nagki-click, pantakip sa spray nozzle. Puwedeng i-collect at i-display.","Ask the opening buyer question with curiosity, then offer the named scent or brand answer helpfully. Gentle, imaginative and inviting, with a quiet sense of curiosity.","Animate this supplied start frame as one continuous photorealistic portrait 9:16 perfume-commercial shot. Match the first frame exactly: same Filipino adult hands, clothing, jewelry, set, props, warm saturated sunlight and natural skin texture. Stay on the turquoise liquid, striped cotton and natural skin. Keep the bottle still and move the camera only 3 cm.
Camera: Restrained smooth movement only; preserve the supplied viewing angle and full product. Do not zoom out or tilt upward.
Product lock: RTULLE & SATIN; black label; turquoise liquid. Preserve the label lettering, PARFUM LONDON signature, small 50 ml cylindrical proportions, thick clear base and fitted black cylindrical cap. Keep the cap seated throughout.
No faces or partial faces, necks, chins, people in reflections, new actors, extra fingers, new props, duplicate bottles, label changes, product morphing or liquid-color changes. No cuts within this generated clip. No added captions, promotional lettering, graphic overlays or watermark.

VOICE IDENTITY
Off-screen female narrator: a Filipina woman around 28 years old, with a warm, clear, conversational mid-range voice and smooth natural resonance. She sounds friendly, confident, curious and lightly playful, like a thoughtful friend helping someone choose a personal fragrance. Speak natural conversational Taglish with fluid Tagalog-English code-switching and a natural Filipina accent. Follow the exact supplied Taglish script; do not translate it into all-English or formal Tagalog. Keep scent names and website button labels unchanged. Keep a subtle smile in the voice, crisp diction, gently varied intonation and relaxed conversational pacing. Emphasize product names and key offer conditions clearly. Preserve the same age, accent, pitch range and vocal texture across every shot. Narration is off-screen; do not introduce a talking person or visible mouth. No shouting, forced whispering, exaggerated accent, celebrity imitation or robotic sales cadence.
VOICE TONE FOR THIS SCENT / STORY
Ask the opening buyer question with curiosity, then offer the named scent or brand answer helpfully. Gentle, imaginative and inviting, with a quiet sense of curiosity.
AUDIO DIRECTION
Generate the following off-screen narration in this clip. Begin promptly and complete the spoken line naturally within the first 7 seconds, then leave quiet ambience for the remaining generation. Keep room tone and prop foley low under the voice; no music or other voices. No visible speaker or lip sync. Use the same selected voice preset/reference as the other clips when the selected Flow model supports it. Exact-font text is added later in the editor; do not generate subtitles.
EXACT VOICEOVER — speak only these words, once:
“May magnetic cap na nagki-click, pantakip sa spray nozzle. Puwedeng i-collect at i-display.”","","MAGNETIC CAP / COLLECT & DISPLAY","Animate this supplied start frame as one continuous photorealistic portrait 9:16 perfume-commercial shot. Match the first frame exactly: same Filipino adult hands, clothing, jewelry, set, props, warm saturated sunlight and natural skin texture. Stay on the turquoise liquid, striped cotton and natural skin. Keep the bottle still and move the camera only 3 cm.
Camera: Restrained smooth movement only; preserve the supplied viewing angle and full product. Do not zoom out or tilt upward.
Product lock: RTULLE & SATIN; black label; turquoise liquid. Preserve the label lettering, PARFUM LONDON signature, small 50 ml cylindrical proportions, thick clear base and fitted black cylindrical cap. Keep the cap seated throughout.
No faces or partial faces, necks, chins, people in reflections, new actors, extra fingers, new props, duplicate bottles, label changes, product morphing or liquid-color changes. No cuts within this generated clip. No added captions, promotional lettering, graphic overlays or watermark.
Audio: subtle scene-appropriate room/outdoor ambience and gentle prop foley only; no generated speech or music. Voiceover and exact brand-font text will be added separately in the edit.","","Generate 8 seconds, then trim to 7 seconds in the edit."
"06","campaign","Rtulle & Satin","Bring your creative side","6","23–27","4","4","06-campaign-rtulle-and-satin/frames/06-start.png","06-campaign-rtulle-and-satin/overlays/06-copy.png","","Free shipping sa two items or more.","Ask the opening buyer question with curiosity, then offer the named scent or brand answer helpfully. Gentle, imaginative and inviting, with a quiet sense of curiosity.","Animate this supplied start frame as one continuous photorealistic portrait 9:16 perfume-commercial shot. Match the first frame exactly: same Filipino adult hands, clothing, jewelry, set, props, warm saturated sunlight and natural skin texture. Lower the supported bottle a short distance toward the open tote, stopping before the label is concealed. Release the loose tote handle with the free hand.
Camera: Restrained smooth movement only; preserve the supplied viewing angle and full product. Do not zoom out or tilt upward.
Product lock: RTULLE & SATIN; black label; turquoise liquid. Preserve the label lettering, PARFUM LONDON signature, small 50 ml cylindrical proportions, thick clear base and fitted black cylindrical cap. Keep the cap seated throughout.
No faces or partial faces, necks, chins, people in reflections, new actors, extra fingers, new props, duplicate bottles, label changes, product morphing or liquid-color changes. No cuts within this generated clip. No added captions, promotional lettering, graphic overlays or watermark.

VOICE IDENTITY
Off-screen female narrator: a Filipina woman around 28 years old, with a warm, clear, conversational mid-range voice and smooth natural resonance. She sounds friendly, confident, curious and lightly playful, like a thoughtful friend helping someone choose a personal fragrance. Speak natural conversational Taglish with fluid Tagalog-English code-switching and a natural Filipina accent. Follow the exact supplied Taglish script; do not translate it into all-English or formal Tagalog. Keep scent names and website button labels unchanged. Keep a subtle smile in the voice, crisp diction, gently varied intonation and relaxed conversational pacing. Emphasize product names and key offer conditions clearly. Preserve the same age, accent, pitch range and vocal texture across every shot. Narration is off-screen; do not introduce a talking person or visible mouth. No shouting, forced whispering, exaggerated accent, celebrity imitation or robotic sales cadence.
VOICE TONE FOR THIS SCENT / STORY
Ask the opening buyer question with curiosity, then offer the named scent or brand answer helpfully. Gentle, imaginative and inviting, with a quiet sense of curiosity.
AUDIO DIRECTION
Generate the following off-screen narration in this clip. Begin promptly and complete the spoken line naturally within the first 4 seconds, then leave quiet ambience for the remaining generation. Keep room tone and prop foley low under the voice; no music or other voices. No visible speaker or lip sync. Use the same selected voice preset/reference as the other clips when the selected Flow model supports it. Exact-font text is added later in the editor; do not generate subtitles.
EXACT VOICEOVER — speak only these words, once:
“Free shipping sa two items or more.”","","FREE SHIPPING / ON 2+ ITEMS","Animate this supplied start frame as one continuous photorealistic portrait 9:16 perfume-commercial shot. Match the first frame exactly: same Filipino adult hands, clothing, jewelry, set, props, warm saturated sunlight and natural skin texture. Lower the supported bottle a short distance toward the open tote, stopping before the label is concealed. Release the loose tote handle with the free hand.
Camera: Restrained smooth movement only; preserve the supplied viewing angle and full product. Do not zoom out or tilt upward.
Product lock: RTULLE & SATIN; black label; turquoise liquid. Preserve the label lettering, PARFUM LONDON signature, small 50 ml cylindrical proportions, thick clear base and fitted black cylindrical cap. Keep the cap seated throughout.
No faces or partial faces, necks, chins, people in reflections, new actors, extra fingers, new props, duplicate bottles, label changes, product morphing or liquid-color changes. No cuts within this generated clip. No added captions, promotional lettering, graphic overlays or watermark.
Audio: subtle scene-appropriate room/outdoor ambience and gentle prop foley only; no generated speech or music. Voiceover and exact brand-font text will be added separately in the edit.","","Generate 4 seconds, then trim to 4 seconds in the edit."
"06","campaign","Rtulle & Satin","Bring your creative side","7","27–34","7","8","06-campaign-rtulle-and-satin/frames/07-start.png","06-campaign-rtulle-and-satin/overlays/07-copy.png","","May cash on delivery din. Bagay sa vibe mo? Tap Order Now.","Ask the opening buyer question with curiosity, then offer the named scent or brand answer helpfully. Gentle, imaginative and inviting, with a quiet sense of curiosity.","Animate this supplied start frame as one continuous photorealistic portrait 9:16 perfume-commercial shot. Match the first frame exactly: same Filipino adult hands, clothing, jewelry, set, props, warm saturated sunlight and natural skin texture. Hold the original label-forward bottle-and-tote hero. Remain still for the final three seconds.
Camera: Locked composition; final three seconds fully still.
Product lock: RTULLE & SATIN; black label; turquoise liquid. Preserve the label lettering, PARFUM LONDON signature, small 50 ml cylindrical proportions, thick clear base and fitted black cylindrical cap. Keep the cap seated throughout.
No faces or partial faces, necks, chins, people in reflections, new actors, extra fingers, new props, duplicate bottles, label changes, product morphing or liquid-color changes. No cuts within this generated clip. No added captions, promotional lettering, graphic overlays or watermark.

VOICE IDENTITY
Off-screen female narrator: a Filipina woman around 28 years old, with a warm, clear, conversational mid-range voice and smooth natural resonance. She sounds friendly, confident, curious and lightly playful, like a thoughtful friend helping someone choose a personal fragrance. Speak natural conversational Taglish with fluid Tagalog-English code-switching and a natural Filipina accent. Follow the exact supplied Taglish script; do not translate it into all-English or formal Tagalog. Keep scent names and website button labels unchanged. Keep a subtle smile in the voice, crisp diction, gently varied intonation and relaxed conversational pacing. Emphasize product names and key offer conditions clearly. Preserve the same age, accent, pitch range and vocal texture across every shot. Narration is off-screen; do not introduce a talking person or visible mouth. No shouting, forced whispering, exaggerated accent, celebrity imitation or robotic sales cadence.
VOICE TONE FOR THIS SCENT / STORY
Ask the opening buyer question with curiosity, then offer the named scent or brand answer helpfully. Gentle, imaginative and inviting, with a quiet sense of curiosity.
AUDIO DIRECTION
Generate the following off-screen narration in this clip. Begin promptly and complete the spoken line naturally within the first 7 seconds, then leave quiet ambience for the remaining generation. Keep room tone and prop foley low under the voice; no music or other voices. No visible speaker or lip sync. Use the same selected voice preset/reference as the other clips when the selected Flow model supports it. Exact-font text is added later in the editor; do not generate subtitles.
EXACT VOICEOVER — speak only these words, once:
“May cash on delivery din. Bagay sa vibe mo? Tap Order Now.”","","ORDER NOW / FREE SHIPPING ON 2+ ITEMS / CASH ON DELIVERY","Animate this supplied start frame as one continuous photorealistic portrait 9:16 perfume-commercial shot. Match the first frame exactly: same Filipino adult hands, clothing, jewelry, set, props, warm saturated sunlight and natural skin texture. Hold the original label-forward bottle-and-tote hero. Remain still for the final three seconds.
Camera: Locked composition; final three seconds fully still.
Product lock: RTULLE & SATIN; black label; turquoise liquid. Preserve the label lettering, PARFUM LONDON signature, small 50 ml cylindrical proportions, thick clear base and fitted black cylindrical cap. Keep the cap seated throughout.
No faces or partial faces, necks, chins, people in reflections, new actors, extra fingers, new props, duplicate bottles, label changes, product morphing or liquid-color changes. No cuts within this generated clip. No added captions, promotional lettering, graphic overlays or watermark.
Audio: subtle scene-appropriate room/outdoor ambience and gentle prop foley only; no generated speech or music. Voiceover and exact brand-font text will be added separately in the edit.","","Generate 8 seconds, then trim to 7 seconds in the edit."
"07","campaign","Magnetic cap","The satisfying finishing detail","1","00–04","4","4","07-campaign-magnetic-cap/frames/01-start.png","07-campaign-magnetic-cap/overlays/01-copy.png","","Pati details ng perfume bottle, mahalaga sa iyo?","Ask the opening buyer question with curiosity, then offer the named scent or brand answer helpfully. Attentive and pleasantly curious. Ease the pace around the cap movement and leave a beat after the click.","Animate this supplied start frame as one continuous photorealistic portrait 9:16 perfume-commercial shot. Match the first frame exactly: same Filipino adult hands, clothing, jewelry, set, props, warm saturated sunlight and natural skin texture. The visible right hand lowers the aligned black cap the final 2 cm until it seats fully on the silver atomizer. The left hand supports the bottle. One gentle physical closure; no levitation.
Camera: Restrained smooth movement only; preserve the supplied viewing angle and full product. Do not zoom out or tilt upward.
Product lock: MOJITO METALLIQUE; white label; golden-yellow liquid. Preserve the label lettering, PARFUM LONDON signature, small 50 ml cylindrical proportions, thick clear base and fitted black cylindrical cap. The cap moves only when a visible hand grips it; its underside stays black.
No faces or partial faces, necks, chins, people in reflections, new actors, extra fingers, new props, duplicate bottles, label changes, product morphing or liquid-color changes. No cuts within this generated clip. No added captions, promotional lettering, graphic overlays or watermark.

VOICE IDENTITY
Off-screen female narrator: a Filipina woman around 28 years old, with a warm, clear, conversational mid-range voice and smooth natural resonance. She sounds friendly, confident, curious and lightly playful, like a thoughtful friend helping someone choose a personal fragrance. Speak natural conversational Taglish with fluid Tagalog-English code-switching and a natural Filipina accent. Follow the exact supplied Taglish script; do not translate it into all-English or formal Tagalog. Keep scent names and website button labels unchanged. Keep a subtle smile in the voice, crisp diction, gently varied intonation and relaxed conversational pacing. Emphasize product names and key offer conditions clearly. Preserve the same age, accent, pitch range and vocal texture across every shot. Narration is off-screen; do not introduce a talking person or visible mouth. No shouting, forced whispering, exaggerated accent, celebrity imitation or robotic sales cadence.
VOICE TONE FOR THIS SCENT / STORY
Ask the opening buyer question with curiosity, then offer the named scent or brand answer helpfully. Attentive and pleasantly curious. Ease the pace around the cap movement and leave a beat after the click.
AUDIO DIRECTION
Generate the following off-screen narration in this clip. Begin promptly and complete the spoken line naturally within the first 4 seconds, then leave quiet ambience for the remaining generation. Keep room tone and prop foley low under the voice; no music or other voices. No visible speaker or lip sync. Use the same selected voice preset/reference as the other clips when the selected Flow model supports it. Exact-font text is added later in the editor; do not generate subtitles.
EXACT VOICEOVER — speak only these words, once:
“Pati details ng perfume bottle, mahalaga sa iyo?”","","LOVE THE LITTLE DETAILS?","Animate this supplied start frame as one continuous photorealistic portrait 9:16 perfume-commercial shot. Match the first frame exactly: same Filipino adult hands, clothing, jewelry, set, props, warm saturated sunlight and natural skin texture. The visible right hand lowers the aligned black cap the final 2 cm until it seats fully on the silver atomizer. The left hand supports the bottle. One gentle physical closure; no levitation.
Camera: Restrained smooth movement only; preserve the supplied viewing angle and full product. Do not zoom out or tilt upward.
Product lock: MOJITO METALLIQUE; white label; golden-yellow liquid. Preserve the label lettering, PARFUM LONDON signature, small 50 ml cylindrical proportions, thick clear base and fitted black cylindrical cap. The cap moves only when a visible hand grips it; its underside stays black.
No faces or partial faces, necks, chins, people in reflections, new actors, extra fingers, new props, duplicate bottles, label changes, product morphing or liquid-color changes. No cuts within this generated clip. No added captions, promotional lettering, graphic overlays or watermark.
Audio: subtle scene-appropriate room/outdoor ambience and gentle prop foley only; no generated speech or music. Voiceover and exact brand-font text will be added separately in the edit.","","Generate 4 seconds, then trim to 4 seconds in the edit."
"07","campaign","Magnetic cap","The satisfying finishing detail","2","04–07","3","4","07-campaign-magnetic-cap/frames/02-start.png","07-campaign-magnetic-cap/overlays/02-copy.png","","Kilalanin ang Mojito Metallique.","Ask the opening buyer question with curiosity, then offer the named scent or brand answer helpfully. Attentive and pleasantly curious. Ease the pace around the cap movement and leave a beat after the click.","Animate this supplied start frame as one continuous photorealistic portrait 9:16 perfume-commercial shot. Match the first frame exactly: same Filipino adult hands, clothing, jewelry, set, props, warm saturated sunlight and natural skin texture. Keep the cap fully seated. The supporting hand holds the bottle while the free hand rests naturally on the red vanity.
Camera: Restrained smooth movement only; preserve the supplied viewing angle and full product. Do not zoom out or tilt upward.
Product lock: MOJITO METALLIQUE; white label; golden-yellow liquid. Preserve the label lettering, PARFUM LONDON signature, small 50 ml cylindrical proportions, thick clear base and fitted black cylindrical cap. The cap moves only when a visible hand grips it; its underside stays black.
No faces or partial faces, necks, chins, people in reflections, new actors, extra fingers, new props, duplicate bottles, label changes, product morphing or liquid-color changes. No cuts within this generated clip. No added captions, promotional lettering, graphic overlays or watermark.

VOICE IDENTITY
Off-screen female narrator: a Filipina woman around 28 years old, with a warm, clear, conversational mid-range voice and smooth natural resonance. She sounds friendly, confident, curious and lightly playful, like a thoughtful friend helping someone choose a personal fragrance. Speak natural conversational Taglish with fluid Tagalog-English code-switching and a natural Filipina accent. Follow the exact supplied Taglish script; do not translate it into all-English or formal Tagalog. Keep scent names and website button labels unchanged. Keep a subtle smile in the voice, crisp diction, gently varied intonation and relaxed conversational pacing. Emphasize product names and key offer conditions clearly. Preserve the same age, accent, pitch range and vocal texture across every shot. Narration is off-screen; do not introduce a talking person or visible mouth. No shouting, forced whispering, exaggerated accent, celebrity imitation or robotic sales cadence.
VOICE TONE FOR THIS SCENT / STORY
Ask the opening buyer question with curiosity, then offer the named scent or brand answer helpfully. Attentive and pleasantly curious. Ease the pace around the cap movement and leave a beat after the click.
AUDIO DIRECTION
Generate the following off-screen narration in this clip. Begin promptly and complete the spoken line naturally within the first 3 seconds, then leave quiet ambience for the remaining generation. Keep room tone and prop foley low under the voice; no music or other voices. No visible speaker or lip sync. Use the same selected voice preset/reference as the other clips when the selected Flow model supports it. Exact-font text is added later in the editor; do not generate subtitles.
EXACT VOICEOVER — speak only these words, once:
“Kilalanin ang Mojito Metallique.”","","MOJITO METALLIQUE","Animate this supplied start frame as one continuous photorealistic portrait 9:16 perfume-commercial shot. Match the first frame exactly: same Filipino adult hands, clothing, jewelry, set, props, warm saturated sunlight and natural skin texture. Keep the cap fully seated. The supporting hand holds the bottle while the free hand rests naturally on the red vanity.
Camera: Restrained smooth movement only; preserve the supplied viewing angle and full product. Do not zoom out or tilt upward.
Product lock: MOJITO METALLIQUE; white label; golden-yellow liquid. Preserve the label lettering, PARFUM LONDON signature, small 50 ml cylindrical proportions, thick clear base and fitted black cylindrical cap. The cap moves only when a visible hand grips it; its underside stays black.
No faces or partial faces, necks, chins, people in reflections, new actors, extra fingers, new props, duplicate bottles, label changes, product morphing or liquid-color changes. No cuts within this generated clip. No added captions, promotional lettering, graphic overlays or watermark.
Audio: subtle scene-appropriate room/outdoor ambience and gentle prop foley only; no generated speech or music. Voiceover and exact brand-font text will be added separately in the edit.","","Generate 4 seconds, then trim to 3 seconds in the edit."
"07","campaign","Magnetic cap","The satisfying finishing detail","3","07–11","4","4","07-campaign-magnetic-cap/frames/03-start.png","07-campaign-magnetic-cap/overlays/03-copy.png","","Soft at creamy ang sweetness, may light fruity glow.","Ask the opening buyer question with curiosity, then offer the named scent or brand answer helpfully. Attentive and pleasantly curious. Ease the pace around the cap movement and leave a beat after the click.","Animate this supplied start frame as one continuous photorealistic portrait 9:16 perfume-commercial shot. Match the first frame exactly: same Filipino adult hands, clothing, jewelry, set, props, warm saturated sunlight and natural skin texture. The poised fingers lift the black cap vertically by 2 cm, revealing its black underside and the silver atomizer. Keep the cap gripped and aligned above the nozzle.
Camera: Restrained smooth movement only; preserve the supplied viewing angle and full product. Do not zoom out or tilt upward.
Product lock: MOJITO METALLIQUE; white label; golden-yellow liquid. Preserve the label lettering, PARFUM LONDON signature, small 50 ml cylindrical proportions, thick clear base and fitted black cylindrical cap. The cap moves only when a visible hand grips it; its underside stays black.
No faces or partial faces, necks, chins, people in reflections, new actors, extra fingers, new props, duplicate bottles, label changes, product morphing or liquid-color changes. No cuts within this generated clip. No added captions, promotional lettering, graphic overlays or watermark.

VOICE IDENTITY
Off-screen female narrator: a Filipina woman around 28 years old, with a warm, clear, conversational mid-range voice and smooth natural resonance. She sounds friendly, confident, curious and lightly playful, like a thoughtful friend helping someone choose a personal fragrance. Speak natural conversational Taglish with fluid Tagalog-English code-switching and a natural Filipina accent. Follow the exact supplied Taglish script; do not translate it into all-English or formal Tagalog. Keep scent names and website button labels unchanged. Keep a subtle smile in the voice, crisp diction, gently varied intonation and relaxed conversational pacing. Emphasize product names and key offer conditions clearly. Preserve the same age, accent, pitch range and vocal texture across every shot. Narration is off-screen; do not introduce a talking person or visible mouth. No shouting, forced whispering, exaggerated accent, celebrity imitation or robotic sales cadence.
VOICE TONE FOR THIS SCENT / STORY
Ask the opening buyer question with curiosity, then offer the named scent or brand answer helpfully. Attentive and pleasantly curious. Ease the pace around the cap movement and leave a beat after the click.
AUDIO DIRECTION
Generate the following off-screen narration in this clip. Begin promptly and complete the spoken line naturally within the first 4 seconds, then leave quiet ambience for the remaining generation. Keep room tone and prop foley low under the voice; no music or other voices. No visible speaker or lip sync. Use the same selected voice preset/reference as the other clips when the selected Flow model supports it. Exact-font text is added later in the editor; do not generate subtitles.
EXACT VOICEOVER — speak only these words, once:
“Soft at creamy ang sweetness, may light fruity glow.”","","Soft, creamy sweetness with a light fruity glow.","Animate this supplied start frame as one continuous photorealistic portrait 9:16 perfume-commercial shot. Match the first frame exactly: same Filipino adult hands, clothing, jewelry, set, props, warm saturated sunlight and natural skin texture. The poised fingers lift the black cap vertically by 2 cm, revealing its black underside and the silver atomizer. Keep the cap gripped and aligned above the nozzle.
Camera: Restrained smooth movement only; preserve the supplied viewing angle and full product. Do not zoom out or tilt upward.
Product lock: MOJITO METALLIQUE; white label; golden-yellow liquid. Preserve the label lettering, PARFUM LONDON signature, small 50 ml cylindrical proportions, thick clear base and fitted black cylindrical cap. The cap moves only when a visible hand grips it; its underside stays black.
No faces or partial faces, necks, chins, people in reflections, new actors, extra fingers, new props, duplicate bottles, label changes, product morphing or liquid-color changes. No cuts within this generated clip. No added captions, promotional lettering, graphic overlays or watermark.
Audio: subtle scene-appropriate room/outdoor ambience and gentle prop foley only; no generated speech or music. Voiceover and exact brand-font text will be added separately in the edit.","","Generate 4 seconds, then trim to 4 seconds in the edit."
"07","campaign","Magnetic cap","The satisfying finishing detail","4","11–16","5","6","07-campaign-magnetic-cap/frames/04-start.png","07-campaign-magnetic-cap/overlays/04-copy.png","","Magnetic cap—takip sa spray nozzle, na nagki-click sa puwesto.","Ask the opening buyer question with curiosity, then offer the named scent or brand answer helpfully. Attentive and pleasantly curious. Ease the pace around the cap movement and leave a beat after the click.","Animate this supplied start frame as one continuous photorealistic portrait 9:16 perfume-commercial shot. Match the first frame exactly: same Filipino adult hands, clothing, jewelry, set, props, warm saturated sunlight and natural skin texture. Lower the gripped black cap straight down until fully seated. Complete the closure within the shot, then hold. No magnetic-field animation or floating cap.
Camera: Restrained smooth movement only; preserve the supplied viewing angle and full product. Do not zoom out or tilt upward.
Product lock: MOJITO METALLIQUE; white label; golden-yellow liquid. Preserve the label lettering, PARFUM LONDON signature, small 50 ml cylindrical proportions, thick clear base and fitted black cylindrical cap. The cap moves only when a visible hand grips it; its underside stays black.
No faces or partial faces, necks, chins, people in reflections, new actors, extra fingers, new props, duplicate bottles, label changes, product morphing or liquid-color changes. No cuts within this generated clip. No added captions, promotional lettering, graphic overlays or watermark.

VOICE IDENTITY
Off-screen female narrator: a Filipina woman around 28 years old, with a warm, clear, conversational mid-range voice and smooth natural resonance. She sounds friendly, confident, curious and lightly playful, like a thoughtful friend helping someone choose a personal fragrance. Speak natural conversational Taglish with fluid Tagalog-English code-switching and a natural Filipina accent. Follow the exact supplied Taglish script; do not translate it into all-English or formal Tagalog. Keep scent names and website button labels unchanged. Keep a subtle smile in the voice, crisp diction, gently varied intonation and relaxed conversational pacing. Emphasize product names and key offer conditions clearly. Preserve the same age, accent, pitch range and vocal texture across every shot. Narration is off-screen; do not introduce a talking person or visible mouth. No shouting, forced whispering, exaggerated accent, celebrity imitation or robotic sales cadence.
VOICE TONE FOR THIS SCENT / STORY
Ask the opening buyer question with curiosity, then offer the named scent or brand answer helpfully. Attentive and pleasantly curious. Ease the pace around the cap movement and leave a beat after the click.
AUDIO DIRECTION
Generate the following off-screen narration in this clip. Begin promptly and complete the spoken line naturally within the first 5 seconds, then leave quiet ambience for the remaining generation. Keep room tone and prop foley low under the voice; no music or other voices. No visible speaker or lip sync. Use the same selected voice preset/reference as the other clips when the selected Flow model supports it. Exact-font text is added later in the editor; do not generate subtitles.
EXACT VOICEOVER — speak only these words, once:
“Magnetic cap—takip sa spray nozzle, na nagki-click sa puwesto.”","","MAGNETIC CAP / CLICKS INTO PLACE","Animate this supplied start frame as one continuous photorealistic portrait 9:16 perfume-commercial shot. Match the first frame exactly: same Filipino adult hands, clothing, jewelry, set, props, warm saturated sunlight and natural skin texture. Lower the gripped black cap straight down until fully seated. Complete the closure within the shot, then hold. No magnetic-field animation or floating cap.
Camera: Restrained smooth movement only; preserve the supplied viewing angle and full product. Do not zoom out or tilt upward.
Product lock: MOJITO METALLIQUE; white label; golden-yellow liquid. Preserve the label lettering, PARFUM LONDON signature, small 50 ml cylindrical proportions, thick clear base and fitted black cylindrical cap. The cap moves only when a visible hand grips it; its underside stays black.
No faces or partial faces, necks, chins, people in reflections, new actors, extra fingers, new props, duplicate bottles, label changes, product morphing or liquid-color changes. No cuts within this generated clip. No added captions, promotional lettering, graphic overlays or watermark.
Audio: subtle scene-appropriate room/outdoor ambience and gentle prop foley only; no generated speech or music. Voiceover and exact brand-font text will be added separately in the edit.","","Generate 6 seconds, then trim to 5 seconds in the edit."
"07","campaign","Magnetic cap","The satisfying finishing detail","5","16–23","7","8","07-campaign-magnetic-cap/frames/05-start.png","07-campaign-magnetic-cap/overlays/05-copy.png","","Para sa friendly, easygoing, at lighthearted. Puwedeng i-collect at i-display.","Ask the opening buyer question with curiosity, then offer the named scent or brand answer helpfully. Attentive and pleasantly curious. Ease the pace around the cap movement and leave a beat after the click.","Animate this supplied start frame as one continuous photorealistic portrait 9:16 perfume-commercial shot. Match the first frame exactly: same Filipino adult hands, clothing, jewelry, set, props, warm saturated sunlight and natural skin texture. Lower the already gripped cap through the final 2 cm once, seat it, and hold the closed bottle. Leave a quiet beat for the soft closure sound.
Camera: Restrained smooth movement only; preserve the supplied viewing angle and full product. Do not zoom out or tilt upward.
Product lock: MOJITO METALLIQUE; white label; golden-yellow liquid. Preserve the label lettering, PARFUM LONDON signature, small 50 ml cylindrical proportions, thick clear base and fitted black cylindrical cap. The cap moves only when a visible hand grips it; its underside stays black.
No faces or partial faces, necks, chins, people in reflections, new actors, extra fingers, new props, duplicate bottles, label changes, product morphing or liquid-color changes. No cuts within this generated clip. No added captions, promotional lettering, graphic overlays or watermark.

VOICE IDENTITY
Off-screen female narrator: a Filipina woman around 28 years old, with a warm, clear, conversational mid-range voice and smooth natural resonance. She sounds friendly, confident, curious and lightly playful, like a thoughtful friend helping someone choose a personal fragrance. Speak natural conversational Taglish with fluid Tagalog-English code-switching and a natural Filipina accent. Follow the exact supplied Taglish script; do not translate it into all-English or formal Tagalog. Keep scent names and website button labels unchanged. Keep a subtle smile in the voice, crisp diction, gently varied intonation and relaxed conversational pacing. Emphasize product names and key offer conditions clearly. Preserve the same age, accent, pitch range and vocal texture across every shot. Narration is off-screen; do not introduce a talking person or visible mouth. No shouting, forced whispering, exaggerated accent, celebrity imitation or robotic sales cadence.
VOICE TONE FOR THIS SCENT / STORY
Ask the opening buyer question with curiosity, then offer the named scent or brand answer helpfully. Attentive and pleasantly curious. Ease the pace around the cap movement and leave a beat after the click.
AUDIO DIRECTION
Generate the following off-screen narration in this clip. Begin promptly and complete the spoken line naturally within the first 7 seconds, then leave quiet ambience for the remaining generation. Keep room tone and prop foley low under the voice; no music or other voices. No visible speaker or lip sync. Use the same selected voice preset/reference as the other clips when the selected Flow model supports it. Exact-font text is added later in the editor; do not generate subtitles.
EXACT VOICEOVER — speak only these words, once:
“Para sa friendly, easygoing, at lighthearted. Puwedeng i-collect at i-display.”","","FRIENDLY · EASYGOING · LIGHTHEARTED / COLLECT & DISPLAY","Animate this supplied start frame as one continuous photorealistic portrait 9:16 perfume-commercial shot. Match the first frame exactly: same Filipino adult hands, clothing, jewelry, set, props, warm saturated sunlight and natural skin texture. Lower the already gripped cap through the final 2 cm once, seat it, and hold the closed bottle. Leave a quiet beat for the soft closure sound.
Camera: Restrained smooth movement only; preserve the supplied viewing angle and full product. Do not zoom out or tilt upward.
Product lock: MOJITO METALLIQUE; white label; golden-yellow liquid. Preserve the label lettering, PARFUM LONDON signature, small 50 ml cylindrical proportions, thick clear base and fitted black cylindrical cap. The cap moves only when a visible hand grips it; its underside stays black.
No faces or partial faces, necks, chins, people in reflections, new actors, extra fingers, new props, duplicate bottles, label changes, product morphing or liquid-color changes. No cuts within this generated clip. No added captions, promotional lettering, graphic overlays or watermark.
Audio: subtle scene-appropriate room/outdoor ambience and gentle prop foley only; no generated speech or music. Voiceover and exact brand-font text will be added separately in the edit.","","Generate 8 seconds, then trim to 7 seconds in the edit."
"07","campaign","Magnetic cap","The satisfying finishing detail","6","23–27","4","4","07-campaign-magnetic-cap/frames/06-start.png","07-campaign-magnetic-cap/overlays/06-copy.png","","Free shipping sa two items or more.","Ask the opening buyer question with curiosity, then offer the named scent or brand answer helpfully. Attentive and pleasantly curious. Ease the pace around the cap movement and leave a beat after the click.","Animate this supplied start frame as one continuous photorealistic portrait 9:16 perfume-commercial shot. Match the first frame exactly: same Filipino adult hands, clothing, jewelry, set, props, warm saturated sunlight and natural skin texture. Keep the cap fully seated and rotate the supported bottle only a few degrees until MOJITO METALLIQUE is square to camera. The fingers relax away from the cap.
Camera: Restrained smooth movement only; preserve the supplied viewing angle and full product. Do not zoom out or tilt upward.
Product lock: MOJITO METALLIQUE; white label; golden-yellow liquid. Preserve the label lettering, PARFUM LONDON signature, small 50 ml cylindrical proportions, thick clear base and fitted black cylindrical cap. The cap moves only when a visible hand grips it; its underside stays black.
No faces or partial faces, necks, chins, people in reflections, new actors, extra fingers, new props, duplicate bottles, label changes, product morphing or liquid-color changes. No cuts within this generated clip. No added captions, promotional lettering, graphic overlays or watermark.

VOICE IDENTITY
Off-screen female narrator: a Filipina woman around 28 years old, with a warm, clear, conversational mid-range voice and smooth natural resonance. She sounds friendly, confident, curious and lightly playful, like a thoughtful friend helping someone choose a personal fragrance. Speak natural conversational Taglish with fluid Tagalog-English code-switching and a natural Filipina accent. Follow the exact supplied Taglish script; do not translate it into all-English or formal Tagalog. Keep scent names and website button labels unchanged. Keep a subtle smile in the voice, crisp diction, gently varied intonation and relaxed conversational pacing. Emphasize product names and key offer conditions clearly. Preserve the same age, accent, pitch range and vocal texture across every shot. Narration is off-screen; do not introduce a talking person or visible mouth. No shouting, forced whispering, exaggerated accent, celebrity imitation or robotic sales cadence.
VOICE TONE FOR THIS SCENT / STORY
Ask the opening buyer question with curiosity, then offer the named scent or brand answer helpfully. Attentive and pleasantly curious. Ease the pace around the cap movement and leave a beat after the click.
AUDIO DIRECTION
Generate the following off-screen narration in this clip. Begin promptly and complete the spoken line naturally within the first 4 seconds, then leave quiet ambience for the remaining generation. Keep room tone and prop foley low under the voice; no music or other voices. No visible speaker or lip sync. Use the same selected voice preset/reference as the other clips when the selected Flow model supports it. Exact-font text is added later in the editor; do not generate subtitles.
EXACT VOICEOVER — speak only these words, once:
“Free shipping sa two items or more.”","","FREE SHIPPING / ON 2+ ITEMS","Animate this supplied start frame as one continuous photorealistic portrait 9:16 perfume-commercial shot. Match the first frame exactly: same Filipino adult hands, clothing, jewelry, set, props, warm saturated sunlight and natural skin texture. Keep the cap fully seated and rotate the supported bottle only a few degrees until MOJITO METALLIQUE is square to camera. The fingers relax away from the cap.
Camera: Restrained smooth movement only; preserve the supplied viewing angle and full product. Do not zoom out or tilt upward.
Product lock: MOJITO METALLIQUE; white label; golden-yellow liquid. Preserve the label lettering, PARFUM LONDON signature, small 50 ml cylindrical proportions, thick clear base and fitted black cylindrical cap. The cap moves only when a visible hand grips it; its underside stays black.
No faces or partial faces, necks, chins, people in reflections, new actors, extra fingers, new props, duplicate bottles, label changes, product morphing or liquid-color changes. No cuts within this generated clip. No added captions, promotional lettering, graphic overlays or watermark.
Audio: subtle scene-appropriate room/outdoor ambience and gentle prop foley only; no generated speech or music. Voiceover and exact brand-font text will be added separately in the edit.","","Generate 4 seconds, then trim to 4 seconds in the edit."
"07","campaign","Magnetic cap","The satisfying finishing detail","7","27–34","7","8","07-campaign-magnetic-cap/frames/07-start.png","07-campaign-magnetic-cap/overlays/07-copy.png","","May cash on delivery din. Bagay sa vibe mo? Tap Order Now.","Ask the opening buyer question with curiosity, then offer the named scent or brand answer helpfully. Attentive and pleasantly curious. Ease the pace around the cap movement and leave a beat after the click.","Animate this supplied start frame as one continuous photorealistic portrait 9:16 perfume-commercial shot. Match the first frame exactly: same Filipino adult hands, clothing, jewelry, set, props, warm saturated sunlight and natural skin texture. Hold the fully closed bottle on the red vanity. No movement during the final three seconds.
Camera: Locked composition; final three seconds fully still.
Product lock: MOJITO METALLIQUE; white label; golden-yellow liquid. Preserve the label lettering, PARFUM LONDON signature, small 50 ml cylindrical proportions, thick clear base and fitted black cylindrical cap. The cap moves only when a visible hand grips it; its underside stays black.
No faces or partial faces, necks, chins, people in reflections, new actors, extra fingers, new props, duplicate bottles, label changes, product morphing or liquid-color changes. No cuts within this generated clip. No added captions, promotional lettering, graphic overlays or watermark.

VOICE IDENTITY
Off-screen female narrator: a Filipina woman around 28 years old, with a warm, clear, conversational mid-range voice and smooth natural resonance. She sounds friendly, confident, curious and lightly playful, like a thoughtful friend helping someone choose a personal fragrance. Speak natural conversational Taglish with fluid Tagalog-English code-switching and a natural Filipina accent. Follow the exact supplied Taglish script; do not translate it into all-English or formal Tagalog. Keep scent names and website button labels unchanged. Keep a subtle smile in the voice, crisp diction, gently varied intonation and relaxed conversational pacing. Emphasize product names and key offer conditions clearly. Preserve the same age, accent, pitch range and vocal texture across every shot. Narration is off-screen; do not introduce a talking person or visible mouth. No shouting, forced whispering, exaggerated accent, celebrity imitation or robotic sales cadence.
VOICE TONE FOR THIS SCENT / STORY
Ask the opening buyer question with curiosity, then offer the named scent or brand answer helpfully. Attentive and pleasantly curious. Ease the pace around the cap movement and leave a beat after the click.
AUDIO DIRECTION
Generate the following off-screen narration in this clip. Begin promptly and complete the spoken line naturally within the first 7 seconds, then leave quiet ambience for the remaining generation. Keep room tone and prop foley low under the voice; no music or other voices. No visible speaker or lip sync. Use the same selected voice preset/reference as the other clips when the selected Flow model supports it. Exact-font text is added later in the editor; do not generate subtitles.
EXACT VOICEOVER — speak only these words, once:
“May cash on delivery din. Bagay sa vibe mo? Tap Order Now.”","","ORDER NOW / FREE SHIPPING ON 2+ ITEMS / CASH ON DELIVERY","Animate this supplied start frame as one continuous photorealistic portrait 9:16 perfume-commercial shot. Match the first frame exactly: same Filipino adult hands, clothing, jewelry, set, props, warm saturated sunlight and natural skin texture. Hold the fully closed bottle on the red vanity. No movement during the final three seconds.
Camera: Locked composition; final three seconds fully still.
Product lock: MOJITO METALLIQUE; white label; golden-yellow liquid. Preserve the label lettering, PARFUM LONDON signature, small 50 ml cylindrical proportions, thick clear base and fitted black cylindrical cap. The cap moves only when a visible hand grips it; its underside stays black.
No faces or partial faces, necks, chins, people in reflections, new actors, extra fingers, new props, duplicate bottles, label changes, product morphing or liquid-color changes. No cuts within this generated clip. No added captions, promotional lettering, graphic overlays or watermark.
Audio: subtle scene-appropriate room/outdoor ambience and gentle prop foley only; no generated speech or music. Voiceover and exact brand-font text will be added separately in the edit.","","Generate 8 seconds, then trim to 7 seconds in the edit."
"08","campaign","Collection","A shelf with personality","1","00–04","4","4","08-campaign-collection/frames/01-start.png","08-campaign-collection/overlays/01-copy.png","","Gusto ng scent collection na bagay sa shelf mo?","Ask the opening buyer question with curiosity, then offer the named scent or brand answer helpfully. Enthusiastic about small details, with a warm smile and a satisfying rhythm between the two product pairs.","Animate this supplied start frame as one continuous photorealistic portrait 9:16 perfume-commercial shot. Match the first frame exactly: same Filipino adult hands, clothing, jewelry, set, props, warm saturated sunlight and natural skin texture. With both product pairs visible, make one tiny alignment adjustment to Amber by steadying its body; never lift it by the cap.
Camera: Restrained smooth movement only; preserve the supplied viewing angle and full product. Do not zoom out or tilt upward.
Product lock: MOJITO METALLIQUE with yellow canister, AMBER OUD SILK with peach canister; both white labels. Preserve the label lettering, PARFUM LONDON signature, small 50 ml cylindrical proportions, thick clear base and fitted black cylindrical cap. Keep the cap seated throughout.
No faces or partial faces, necks, chins, people in reflections, new actors, extra fingers, new props, duplicate bottles, label changes, product morphing or liquid-color changes. No cuts within this generated clip. No added captions, promotional lettering, graphic overlays or watermark.

VOICE IDENTITY
Off-screen female narrator: a Filipina woman around 28 years old, with a warm, clear, conversational mid-range voice and smooth natural resonance. She sounds friendly, confident, curious and lightly playful, like a thoughtful friend helping someone choose a personal fragrance. Speak natural conversational Taglish with fluid Tagalog-English code-switching and a natural Filipina accent. Follow the exact supplied Taglish script; do not translate it into all-English or formal Tagalog. Keep scent names and website button labels unchanged. Keep a subtle smile in the voice, crisp diction, gently varied intonation and relaxed conversational pacing. Emphasize product names and key offer conditions clearly. Preserve the same age, accent, pitch range and vocal texture across every shot. Narration is off-screen; do not introduce a talking person or visible mouth. No shouting, forced whispering, exaggerated accent, celebrity imitation or robotic sales cadence.
VOICE TONE FOR THIS SCENT / STORY
Ask the opening buyer question with curiosity, then offer the named scent or brand answer helpfully. Enthusiastic about small details, with a warm smile and a satisfying rhythm between the two product pairs.
AUDIO DIRECTION
Generate the following off-screen narration in this clip. Begin promptly and complete the spoken line naturally within the first 4 seconds, then leave quiet ambience for the remaining generation. Keep room tone and prop foley low under the voice; no music or other voices. No visible speaker or lip sync. Use the same selected voice preset/reference as the other clips when the selected Flow model supports it. Exact-font text is added later in the editor; do not generate subtitles.
EXACT VOICEOVER — speak only these words, once:
“Gusto ng scent collection na bagay sa shelf mo?”","","A COLLECTION FOR YOUR SHELF?","Animate this supplied start frame as one continuous photorealistic portrait 9:16 perfume-commercial shot. Match the first frame exactly: same Filipino adult hands, clothing, jewelry, set, props, warm saturated sunlight and natural skin texture. With both product pairs visible, make one tiny alignment adjustment to Amber by steadying its body; never lift it by the cap.
Camera: Restrained smooth movement only; preserve the supplied viewing angle and full product. Do not zoom out or tilt upward.
Product lock: MOJITO METALLIQUE with yellow canister, AMBER OUD SILK with peach canister; both white labels. Preserve the label lettering, PARFUM LONDON signature, small 50 ml cylindrical proportions, thick clear base and fitted black cylindrical cap. Keep the cap seated throughout.
No faces or partial faces, necks, chins, people in reflections, new actors, extra fingers, new props, duplicate bottles, label changes, product morphing or liquid-color changes. No cuts within this generated clip. No added captions, promotional lettering, graphic overlays or watermark.
Audio: subtle scene-appropriate room/outdoor ambience and gentle prop foley only; no generated speech or music. Voiceover and exact brand-font text will be added separately in the edit.","","Generate 4 seconds, then trim to 4 seconds in the edit."
"08","campaign","Collection","A shelf with personality","2","04–07","3","4","08-campaign-collection/frames/02-start.png","08-campaign-collection/overlays/02-copy.png","","Simulan sa favorites mo.","Ask the opening buyer question with curiosity, then offer the named scent or brand answer helpfully. Enthusiastic about small details, with a warm smile and a satisfying rhythm between the two product pairs.","Animate this supplied start frame as one continuous photorealistic portrait 9:16 perfume-commercial shot. Match the first frame exactly: same Filipino adult hands, clothing, jewelry, set, props, warm saturated sunlight and natural skin texture. Gently lower the held peach canister onto the shelf behind Amber. Withdraw the hand without covering either product name.
Camera: Restrained smooth movement only; preserve the supplied viewing angle and full product. Do not zoom out or tilt upward.
Product lock: MOJITO METALLIQUE with yellow canister, AMBER OUD SILK with peach canister; both white labels. Preserve the label lettering, PARFUM LONDON signature, small 50 ml cylindrical proportions, thick clear base and fitted black cylindrical cap. Keep the cap seated throughout.
No faces or partial faces, necks, chins, people in reflections, new actors, extra fingers, new props, duplicate bottles, label changes, product morphing or liquid-color changes. No cuts within this generated clip. No added captions, promotional lettering, graphic overlays or watermark.

VOICE IDENTITY
Off-screen female narrator: a Filipina woman around 28 years old, with a warm, clear, conversational mid-range voice and smooth natural resonance. She sounds friendly, confident, curious and lightly playful, like a thoughtful friend helping someone choose a personal fragrance. Speak natural conversational Taglish with fluid Tagalog-English code-switching and a natural Filipina accent. Follow the exact supplied Taglish script; do not translate it into all-English or formal Tagalog. Keep scent names and website button labels unchanged. Keep a subtle smile in the voice, crisp diction, gently varied intonation and relaxed conversational pacing. Emphasize product names and key offer conditions clearly. Preserve the same age, accent, pitch range and vocal texture across every shot. Narration is off-screen; do not introduce a talking person or visible mouth. No shouting, forced whispering, exaggerated accent, celebrity imitation or robotic sales cadence.
VOICE TONE FOR THIS SCENT / STORY
Ask the opening buyer question with curiosity, then offer the named scent or brand answer helpfully. Enthusiastic about small details, with a warm smile and a satisfying rhythm between the two product pairs.
AUDIO DIRECTION
Generate the following off-screen narration in this clip. Begin promptly and complete the spoken line naturally within the first 3 seconds, then leave quiet ambience for the remaining generation. Keep room tone and prop foley low under the voice; no music or other voices. No visible speaker or lip sync. Use the same selected voice preset/reference as the other clips when the selected Flow model supports it. Exact-font text is added later in the editor; do not generate subtitles.
EXACT VOICEOVER — speak only these words, once:
“Simulan sa favorites mo.”","","START WITH YOUR FAVORITES","Animate this supplied start frame as one continuous photorealistic portrait 9:16 perfume-commercial shot. Match the first frame exactly: same Filipino adult hands, clothing, jewelry, set, props, warm saturated sunlight and natural skin texture. Gently lower the held peach canister onto the shelf behind Amber. Withdraw the hand without covering either product name.
Camera: Restrained smooth movement only; preserve the supplied viewing angle and full product. Do not zoom out or tilt upward.
Product lock: MOJITO METALLIQUE with yellow canister, AMBER OUD SILK with peach canister; both white labels. Preserve the label lettering, PARFUM LONDON signature, small 50 ml cylindrical proportions, thick clear base and fitted black cylindrical cap. Keep the cap seated throughout.
No faces or partial faces, necks, chins, people in reflections, new actors, extra fingers, new props, duplicate bottles, label changes, product morphing or liquid-color changes. No cuts within this generated clip. No added captions, promotional lettering, graphic overlays or watermark.
Audio: subtle scene-appropriate room/outdoor ambience and gentle prop foley only; no generated speech or music. Voiceover and exact brand-font text will be added separately in the edit.","","Generate 4 seconds, then trim to 3 seconds in the edit."
"08","campaign","Collection","A shelf with personality","3","07–11","4","4","08-campaign-collection/frames/03-start.png","08-campaign-collection/overlays/03-copy.png","","Mojito Metallique: para sa friendly, easygoing, at lighthearted na personality.","Ask the opening buyer question with curiosity, then offer the named scent or brand answer helpfully. Enthusiastic about small details, with a warm smile and a satisfying rhythm between the two product pairs.","Animate this supplied start frame as one continuous photorealistic portrait 9:16 perfume-commercial shot. Match the first frame exactly: same Filipino adult hands, clothing, jewelry, set, props, warm saturated sunlight and natural skin texture. Hold the Mojito bottle and yellow canister pair. Make a very slow 2 cm lateral slide while preserving both names and the complete bottle.
Camera: Restrained smooth movement only; preserve the supplied viewing angle and full product. Do not zoom out or tilt upward.
Product lock: MOJITO METALLIQUE golden bottle and matching yellow canister, both with white labels. Preserve the label lettering, PARFUM LONDON signature, small 50 ml cylindrical proportions, thick clear base and fitted black cylindrical cap. Keep the cap seated throughout.
No faces or partial faces, necks, chins, people in reflections, new actors, extra fingers, new props, duplicate bottles, label changes, product morphing or liquid-color changes. No cuts within this generated clip. No added captions, promotional lettering, graphic overlays or watermark.

VOICE IDENTITY
Off-screen female narrator: a Filipina woman around 28 years old, with a warm, clear, conversational mid-range voice and smooth natural resonance. She sounds friendly, confident, curious and lightly playful, like a thoughtful friend helping someone choose a personal fragrance. Speak natural conversational Taglish with fluid Tagalog-English code-switching and a natural Filipina accent. Follow the exact supplied Taglish script; do not translate it into all-English or formal Tagalog. Keep scent names and website button labels unchanged. Keep a subtle smile in the voice, crisp diction, gently varied intonation and relaxed conversational pacing. Emphasize product names and key offer conditions clearly. Preserve the same age, accent, pitch range and vocal texture across every shot. Narration is off-screen; do not introduce a talking person or visible mouth. No shouting, forced whispering, exaggerated accent, celebrity imitation or robotic sales cadence.
VOICE TONE FOR THIS SCENT / STORY
Ask the opening buyer question with curiosity, then offer the named scent or brand answer helpfully. Enthusiastic about small details, with a warm smile and a satisfying rhythm between the two product pairs.
AUDIO DIRECTION
Generate the following off-screen narration in this clip. Begin promptly and complete the spoken line naturally within the first 4 seconds, then leave quiet ambience for the remaining generation. Keep room tone and prop foley low under the voice; no music or other voices. No visible speaker or lip sync. Use the same selected voice preset/reference as the other clips when the selected Flow model supports it. Exact-font text is added later in the editor; do not generate subtitles.
EXACT VOICEOVER — speak only these words, once:
“Mojito Metallique: para sa friendly, easygoing, at lighthearted na personality.”","","MOJITO METALLIQUE / FRIENDLY · EASYGOING · LIGHTHEARTED","Animate this supplied start frame as one continuous photorealistic portrait 9:16 perfume-commercial shot. Match the first frame exactly: same Filipino adult hands, clothing, jewelry, set, props, warm saturated sunlight and natural skin texture. Hold the Mojito bottle and yellow canister pair. Make a very slow 2 cm lateral slide while preserving both names and the complete bottle.
Camera: Restrained smooth movement only; preserve the supplied viewing angle and full product. Do not zoom out or tilt upward.
Product lock: MOJITO METALLIQUE golden bottle and matching yellow canister, both with white labels. Preserve the label lettering, PARFUM LONDON signature, small 50 ml cylindrical proportions, thick clear base and fitted black cylindrical cap. Keep the cap seated throughout.
No faces or partial faces, necks, chins, people in reflections, new actors, extra fingers, new props, duplicate bottles, label changes, product morphing or liquid-color changes. No cuts within this generated clip. No added captions, promotional lettering, graphic overlays or watermark.
Audio: subtle scene-appropriate room/outdoor ambience and gentle prop foley only; no generated speech or music. Voiceover and exact brand-font text will be added separately in the edit.","","Generate 4 seconds, then trim to 4 seconds in the edit."
"08","campaign","Collection","A shelf with personality","4","11–16","5","6","08-campaign-collection/frames/04-start.png","08-campaign-collection/overlays/04-copy.png","","Amber Oud Silk: para sa bold, warm, at self-assured na personality.","Ask the opening buyer question with curiosity, then offer the named scent or brand answer helpfully. Enthusiastic about small details, with a warm smile and a satisfying rhythm between the two product pairs.","Animate this supplied start frame as one continuous photorealistic portrait 9:16 perfume-commercial shot. Match the first frame exactly: same Filipino adult hands, clothing, jewelry, set, props, warm saturated sunlight and natural skin texture. Hold the Amber bottle and peach canister pair. Make a very slow 2 cm lateral slide while preserving both names and the complete bottle.
Camera: Restrained smooth movement only; preserve the supplied viewing angle and full product. Do not zoom out or tilt upward.
Product lock: AMBER OUD SILK pale-peach bottle and matching peach canister, both with white labels. Preserve the label lettering, PARFUM LONDON signature, small 50 ml cylindrical proportions, thick clear base and fitted black cylindrical cap. Keep the cap seated throughout.
No faces or partial faces, necks, chins, people in reflections, new actors, extra fingers, new props, duplicate bottles, label changes, product morphing or liquid-color changes. No cuts within this generated clip. No added captions, promotional lettering, graphic overlays or watermark.

VOICE IDENTITY
Off-screen female narrator: a Filipina woman around 28 years old, with a warm, clear, conversational mid-range voice and smooth natural resonance. She sounds friendly, confident, curious and lightly playful, like a thoughtful friend helping someone choose a personal fragrance. Speak natural conversational Taglish with fluid Tagalog-English code-switching and a natural Filipina accent. Follow the exact supplied Taglish script; do not translate it into all-English or formal Tagalog. Keep scent names and website button labels unchanged. Keep a subtle smile in the voice, crisp diction, gently varied intonation and relaxed conversational pacing. Emphasize product names and key offer conditions clearly. Preserve the same age, accent, pitch range and vocal texture across every shot. Narration is off-screen; do not introduce a talking person or visible mouth. No shouting, forced whispering, exaggerated accent, celebrity imitation or robotic sales cadence.
VOICE TONE FOR THIS SCENT / STORY
Ask the opening buyer question with curiosity, then offer the named scent or brand answer helpfully. Enthusiastic about small details, with a warm smile and a satisfying rhythm between the two product pairs.
AUDIO DIRECTION
Generate the following off-screen narration in this clip. Begin promptly and complete the spoken line naturally within the first 5 seconds, then leave quiet ambience for the remaining generation. Keep room tone and prop foley low under the voice; no music or other voices. No visible speaker or lip sync. Use the same selected voice preset/reference as the other clips when the selected Flow model supports it. Exact-font text is added later in the editor; do not generate subtitles.
EXACT VOICEOVER — speak only these words, once:
“Amber Oud Silk: para sa bold, warm, at self-assured na personality.”","","AMBER OUD SILK / BOLD · WARM · SELF-ASSURED","Animate this supplied start frame as one continuous photorealistic portrait 9:16 perfume-commercial shot. Match the first frame exactly: same Filipino adult hands, clothing, jewelry, set, props, warm saturated sunlight and natural skin texture. Hold the Amber bottle and peach canister pair. Make a very slow 2 cm lateral slide while preserving both names and the complete bottle.
Camera: Restrained smooth movement only; preserve the supplied viewing angle and full product. Do not zoom out or tilt upward.
Product lock: AMBER OUD SILK pale-peach bottle and matching peach canister, both with white labels. Preserve the label lettering, PARFUM LONDON signature, small 50 ml cylindrical proportions, thick clear base and fitted black cylindrical cap. Keep the cap seated throughout.
No faces or partial faces, necks, chins, people in reflections, new actors, extra fingers, new props, duplicate bottles, label changes, product morphing or liquid-color changes. No cuts within this generated clip. No added captions, promotional lettering, graphic overlays or watermark.
Audio: subtle scene-appropriate room/outdoor ambience and gentle prop foley only; no generated speech or music. Voiceover and exact brand-font text will be added separately in the edit.","","Generate 6 seconds, then trim to 5 seconds in the edit."
"08","campaign","Collection","A shelf with personality","5","16–23","7","8","08-campaign-collection/frames/05-start.png","08-campaign-collection/overlays/05-copy.png","","Matching canisters na puwedeng i-collect at i-display. May magnetic cap na nagki-click sa puwesto.","Ask the opening buyer question with curiosity, then offer the named scent or brand answer helpfully. Enthusiastic about small details, with a warm smile and a satisfying rhythm between the two product pairs.","Animate this supplied start frame as one continuous photorealistic portrait 9:16 perfume-commercial shot. Match the first frame exactly: same Filipino adult hands, clothing, jewelry, set, props, warm saturated sunlight and natural skin texture. The arranging hand has already left the supplied frame. Hold both complete product pairs in their finished shelf arrangement, with only a slow 2 cm push.
Camera: Restrained smooth movement only; preserve the supplied viewing angle and full product. Do not zoom out or tilt upward.
Product lock: MOJITO METALLIQUE with yellow canister, AMBER OUD SILK with peach canister; both white labels. Preserve the label lettering, PARFUM LONDON signature, small 50 ml cylindrical proportions, thick clear base and fitted black cylindrical cap. Keep the cap seated throughout.
No faces or partial faces, necks, chins, people in reflections, new actors, extra fingers, new props, duplicate bottles, label changes, product morphing or liquid-color changes. No cuts within this generated clip. No added captions, promotional lettering, graphic overlays or watermark.

VOICE IDENTITY
Off-screen female narrator: a Filipina woman around 28 years old, with a warm, clear, conversational mid-range voice and smooth natural resonance. She sounds friendly, confident, curious and lightly playful, like a thoughtful friend helping someone choose a personal fragrance. Speak natural conversational Taglish with fluid Tagalog-English code-switching and a natural Filipina accent. Follow the exact supplied Taglish script; do not translate it into all-English or formal Tagalog. Keep scent names and website button labels unchanged. Keep a subtle smile in the voice, crisp diction, gently varied intonation and relaxed conversational pacing. Emphasize product names and key offer conditions clearly. Preserve the same age, accent, pitch range and vocal texture across every shot. Narration is off-screen; do not introduce a talking person or visible mouth. No shouting, forced whispering, exaggerated accent, celebrity imitation or robotic sales cadence.
VOICE TONE FOR THIS SCENT / STORY
Ask the opening buyer question with curiosity, then offer the named scent or brand answer helpfully. Enthusiastic about small details, with a warm smile and a satisfying rhythm between the two product pairs.
AUDIO DIRECTION
Generate the following off-screen narration in this clip. Begin promptly and complete the spoken line naturally within the first 7 seconds, then leave quiet ambience for the remaining generation. Keep room tone and prop foley low under the voice; no music or other voices. No visible speaker or lip sync. Use the same selected voice preset/reference as the other clips when the selected Flow model supports it. Exact-font text is added later in the editor; do not generate subtitles.
EXACT VOICEOVER — speak only these words, once:
“Matching canisters na puwedeng i-collect at i-display. May magnetic cap na nagki-click sa puwesto.”","","MADE TO COLLECT / MADE TO DISPLAY / MAGNETIC CAP","Animate this supplied start frame as one continuous photorealistic portrait 9:16 perfume-commercial shot. Match the first frame exactly: same Filipino adult hands, clothing, jewelry, set, props, warm saturated sunlight and natural skin texture. The arranging hand has already left the supplied frame. Hold both complete product pairs in their finished shelf arrangement, with only a slow 2 cm push.
Camera: Restrained smooth movement only; preserve the supplied viewing angle and full product. Do not zoom out or tilt upward.
Product lock: MOJITO METALLIQUE with yellow canister, AMBER OUD SILK with peach canister; both white labels. Preserve the label lettering, PARFUM LONDON signature, small 50 ml cylindrical proportions, thick clear base and fitted black cylindrical cap. Keep the cap seated throughout.
No faces or partial faces, necks, chins, people in reflections, new actors, extra fingers, new props, duplicate bottles, label changes, product morphing or liquid-color changes. No cuts within this generated clip. No added captions, promotional lettering, graphic overlays or watermark.
Audio: subtle scene-appropriate room/outdoor ambience and gentle prop foley only; no generated speech or music. Voiceover and exact brand-font text will be added separately in the edit.","","Generate 8 seconds, then trim to 7 seconds in the edit."
"08","campaign","Collection","A shelf with personality","6","23–27","4","4","08-campaign-collection/frames/06-start.png","08-campaign-collection/overlays/06-copy.png","","Free shipping sa two items or more.","Ask the opening buyer question with curiosity, then offer the named scent or brand answer helpfully. Enthusiastic about small details, with a warm smile and a satisfying rhythm between the two product pairs.","Animate this supplied start frame as one continuous photorealistic portrait 9:16 perfume-commercial shot. Match the first frame exactly: same Filipino adult hands, clothing, jewelry, set, props, warm saturated sunlight and natural skin texture. Make a short smooth 3 cm sideways camera move across both product pairs. Stop well before either bottle is cropped.
Camera: Restrained smooth movement only; preserve the supplied viewing angle and full product. Do not zoom out or tilt upward.
Product lock: MOJITO METALLIQUE with yellow canister, AMBER OUD SILK with peach canister; both white labels. Preserve the label lettering, PARFUM LONDON signature, small 50 ml cylindrical proportions, thick clear base and fitted black cylindrical cap. Keep the cap seated throughout.
No faces or partial faces, necks, chins, people in reflections, new actors, extra fingers, new props, duplicate bottles, label changes, product morphing or liquid-color changes. No cuts within this generated clip. No added captions, promotional lettering, graphic overlays or watermark.

VOICE IDENTITY
Off-screen female narrator: a Filipina woman around 28 years old, with a warm, clear, conversational mid-range voice and smooth natural resonance. She sounds friendly, confident, curious and lightly playful, like a thoughtful friend helping someone choose a personal fragrance. Speak natural conversational Taglish with fluid Tagalog-English code-switching and a natural Filipina accent. Follow the exact supplied Taglish script; do not translate it into all-English or formal Tagalog. Keep scent names and website button labels unchanged. Keep a subtle smile in the voice, crisp diction, gently varied intonation and relaxed conversational pacing. Emphasize product names and key offer conditions clearly. Preserve the same age, accent, pitch range and vocal texture across every shot. Narration is off-screen; do not introduce a talking person or visible mouth. No shouting, forced whispering, exaggerated accent, celebrity imitation or robotic sales cadence.
VOICE TONE FOR THIS SCENT / STORY
Ask the opening buyer question with curiosity, then offer the named scent or brand answer helpfully. Enthusiastic about small details, with a warm smile and a satisfying rhythm between the two product pairs.
AUDIO DIRECTION
Generate the following off-screen narration in this clip. Begin promptly and complete the spoken line naturally within the first 4 seconds, then leave quiet ambience for the remaining generation. Keep room tone and prop foley low under the voice; no music or other voices. No visible speaker or lip sync. Use the same selected voice preset/reference as the other clips when the selected Flow model supports it. Exact-font text is added later in the editor; do not generate subtitles.
EXACT VOICEOVER — speak only these words, once:
“Free shipping sa two items or more.”","","FREE SHIPPING / ON 2+ ITEMS","Animate this supplied start frame as one continuous photorealistic portrait 9:16 perfume-commercial shot. Match the first frame exactly: same Filipino adult hands, clothing, jewelry, set, props, warm saturated sunlight and natural skin texture. Make a short smooth 3 cm sideways camera move across both product pairs. Stop well before either bottle is cropped.
Camera: Restrained smooth movement only; preserve the supplied viewing angle and full product. Do not zoom out or tilt upward.
Product lock: MOJITO METALLIQUE with yellow canister, AMBER OUD SILK with peach canister; both white labels. Preserve the label lettering, PARFUM LONDON signature, small 50 ml cylindrical proportions, thick clear base and fitted black cylindrical cap. Keep the cap seated throughout.
No faces or partial faces, necks, chins, people in reflections, new actors, extra fingers, new props, duplicate bottles, label changes, product morphing or liquid-color changes. No cuts within this generated clip. No added captions, promotional lettering, graphic overlays or watermark.
Audio: subtle scene-appropriate room/outdoor ambience and gentle prop foley only; no generated speech or music. Voiceover and exact brand-font text will be added separately in the edit.","","Generate 4 seconds, then trim to 4 seconds in the edit."
"08","campaign","Collection","A shelf with personality","7","27–34","7","8","08-campaign-collection/frames/07-start.png","08-campaign-collection/overlays/07-copy.png","","May cash on delivery din. Bagay sa vibe mo? Tap Order Now.","Ask the opening buyer question with curiosity, then offer the named scent or brand answer helpfully. Enthusiastic about small details, with a warm smile and a satisfying rhythm between the two product pairs.","Animate this supplied start frame as one continuous photorealistic portrait 9:16 perfume-commercial shot. Match the first frame exactly: same Filipino adult hands, clothing, jewelry, set, props, warm saturated sunlight and natural skin texture. Hold the complete two-pair arrangement. Remain motionless for the final three seconds.
Camera: Locked composition; final three seconds fully still.
Product lock: MOJITO METALLIQUE with yellow canister, AMBER OUD SILK with peach canister; both white labels. Preserve the label lettering, PARFUM LONDON signature, small 50 ml cylindrical proportions, thick clear base and fitted black cylindrical cap. Keep the cap seated throughout.
No faces or partial faces, necks, chins, people in reflections, new actors, extra fingers, new props, duplicate bottles, label changes, product morphing or liquid-color changes. No cuts within this generated clip. No added captions, promotional lettering, graphic overlays or watermark.

VOICE IDENTITY
Off-screen female narrator: a Filipina woman around 28 years old, with a warm, clear, conversational mid-range voice and smooth natural resonance. She sounds friendly, confident, curious and lightly playful, like a thoughtful friend helping someone choose a personal fragrance. Speak natural conversational Taglish with fluid Tagalog-English code-switching and a natural Filipina accent. Follow the exact supplied Taglish script; do not translate it into all-English or formal Tagalog. Keep scent names and website button labels unchanged. Keep a subtle smile in the voice, crisp diction, gently varied intonation and relaxed conversational pacing. Emphasize product names and key offer conditions clearly. Preserve the same age, accent, pitch range and vocal texture across every shot. Narration is off-screen; do not introduce a talking person or visible mouth. No shouting, forced whispering, exaggerated accent, celebrity imitation or robotic sales cadence.
VOICE TONE FOR THIS SCENT / STORY
Ask the opening buyer question with curiosity, then offer the named scent or brand answer helpfully. Enthusiastic about small details, with a warm smile and a satisfying rhythm between the two product pairs.
AUDIO DIRECTION
Generate the following off-screen narration in this clip. Begin promptly and complete the spoken line naturally within the first 7 seconds, then leave quiet ambience for the remaining generation. Keep room tone and prop foley low under the voice; no music or other voices. No visible speaker or lip sync. Use the same selected voice preset/reference as the other clips when the selected Flow model supports it. Exact-font text is added later in the editor; do not generate subtitles.
EXACT VOICEOVER — speak only these words, once:
“May cash on delivery din. Bagay sa vibe mo? Tap Order Now.”","","ORDER NOW / FREE SHIPPING ON 2+ ITEMS / CASH ON DELIVERY","Animate this supplied start frame as one continuous photorealistic portrait 9:16 perfume-commercial shot. Match the first frame exactly: same Filipino adult hands, clothing, jewelry, set, props, warm saturated sunlight and natural skin texture. Hold the complete two-pair arrangement. Remain motionless for the final three seconds.
Camera: Locked composition; final three seconds fully still.
Product lock: MOJITO METALLIQUE with yellow canister, AMBER OUD SILK with peach canister; both white labels. Preserve the label lettering, PARFUM LONDON signature, small 50 ml cylindrical proportions, thick clear base and fitted black cylindrical cap. Keep the cap seated throughout.
No faces or partial faces, necks, chins, people in reflections, new actors, extra fingers, new props, duplicate bottles, label changes, product morphing or liquid-color changes. No cuts within this generated clip. No added captions, promotional lettering, graphic overlays or watermark.
Audio: subtle scene-appropriate room/outdoor ambience and gentle prop foley only; no generated speech or music. Voiceover and exact brand-font text will be added separately in the edit.","","Generate 8 seconds, then trim to 7 seconds in the edit."
"09","campaign","Mission and vision","London fragrance, Filipino spirit","1","00–04","4","4","09-campaign-mission-vision/frames/01-start.png","09-campaign-mission-vision/overlays/01-copy.png","","Anong fragrance ang bagay sa everyday moments mo?","Ask the opening buyer question with curiosity, then offer the named scent or brand answer helpfully. Sincere and grounded. Read mission and vision with conviction, smooth phrasing and enough space for their meaning.","Animate this supplied start frame as one continuous photorealistic portrait 9:16 perfume-commercial shot. Match the first frame exactly: same Filipino adult hands, clothing, jewelry, set, props, warm saturated sunlight and natural skin texture. Keep both complete bottles separated above the yellow bench, label-forward. Both adults make a small natural hand settle.
Camera: Restrained smooth movement only; preserve the supplied viewing angle and full product. Do not zoom out or tilt upward.
Product lock: woman holding AMBER OUD SILK with white label and pale peach liquid on left; man holding CHARME ENVOÛTANT with black label and orange-amber liquid on right. Preserve the label lettering, PARFUM LONDON signature, small 50 ml cylindrical proportions, thick clear base and fitted black cylindrical cap. Keep the cap seated throughout.
No faces or partial faces, necks, chins, people in reflections, new actors, extra fingers, new props, duplicate bottles, label changes, product morphing or liquid-color changes. No cuts within this generated clip. No added captions, promotional lettering, graphic overlays or watermark.

VOICE IDENTITY
Off-screen female narrator: a Filipina woman around 28 years old, with a warm, clear, conversational mid-range voice and smooth natural resonance. She sounds friendly, confident, curious and lightly playful, like a thoughtful friend helping someone choose a personal fragrance. Speak natural conversational Taglish with fluid Tagalog-English code-switching and a natural Filipina accent. Follow the exact supplied Taglish script; do not translate it into all-English or formal Tagalog. Keep scent names and website button labels unchanged. Keep a subtle smile in the voice, crisp diction, gently varied intonation and relaxed conversational pacing. Emphasize product names and key offer conditions clearly. Preserve the same age, accent, pitch range and vocal texture across every shot. Narration is off-screen; do not introduce a talking person or visible mouth. No shouting, forced whispering, exaggerated accent, celebrity imitation or robotic sales cadence.
VOICE TONE FOR THIS SCENT / STORY
Ask the opening buyer question with curiosity, then offer the named scent or brand answer helpfully. Sincere and grounded. Read mission and vision with conviction, smooth phrasing and enough space for their meaning.
AUDIO DIRECTION
Generate the following off-screen narration in this clip. Begin promptly and complete the spoken line naturally within the first 4 seconds, then leave quiet ambience for the remaining generation. Keep room tone and prop foley low under the voice; no music or other voices. No visible speaker or lip sync. Use the same selected voice preset/reference as the other clips when the selected Flow model supports it. Exact-font text is added later in the editor; do not generate subtitles.
EXACT VOICEOVER — speak only these words, once:
“Anong fragrance ang bagay sa everyday moments mo?”","","YOUR EVERYDAY SCENT?","Animate this supplied start frame as one continuous photorealistic portrait 9:16 perfume-commercial shot. Match the first frame exactly: same Filipino adult hands, clothing, jewelry, set, props, warm saturated sunlight and natural skin texture. Keep both complete bottles separated above the yellow bench, label-forward. Both adults make a small natural hand settle.
Camera: Restrained smooth movement only; preserve the supplied viewing angle and full product. Do not zoom out or tilt upward.
Product lock: woman holding AMBER OUD SILK with white label and pale peach liquid on left; man holding CHARME ENVOÛTANT with black label and orange-amber liquid on right. Preserve the label lettering, PARFUM LONDON signature, small 50 ml cylindrical proportions, thick clear base and fitted black cylindrical cap. Keep the cap seated throughout.
No faces or partial faces, necks, chins, people in reflections, new actors, extra fingers, new props, duplicate bottles, label changes, product morphing or liquid-color changes. No cuts within this generated clip. No added captions, promotional lettering, graphic overlays or watermark.
Audio: subtle scene-appropriate room/outdoor ambience and gentle prop foley only; no generated speech or music. Voiceover and exact brand-font text will be added separately in the edit.","","Generate 4 seconds, then trim to 4 seconds in the edit."
"09","campaign","Mission and vision","London fragrance, Filipino spirit","2","04–07","3","4","09-campaign-mission-vision/frames/02-start.png","09-campaign-mission-vision/overlays/02-copy.png","","Kilalanin ang Dear Body.","Ask the opening buyer question with curiosity, then offer the named scent or brand answer helpfully. Sincere and grounded. Read mission and vision with conviction, smooth phrasing and enough space for their meaning.","Animate this supplied start frame as one continuous photorealistic portrait 9:16 perfume-commercial shot. Match the first frame exactly: same Filipino adult hands, clothing, jewelry, set, props, warm saturated sunlight and natural skin texture. The woman smooths the red pouch edge with her free hand while the man keeps his bottle steady. Keep the burgundy strap clear of both labels.
Camera: Restrained smooth movement only; preserve the supplied viewing angle and full product. Do not zoom out or tilt upward.
Product lock: woman holding AMBER OUD SILK with white label and pale peach liquid on left; man holding CHARME ENVOÛTANT with black label and orange-amber liquid on right. Preserve the label lettering, PARFUM LONDON signature, small 50 ml cylindrical proportions, thick clear base and fitted black cylindrical cap. Keep the cap seated throughout.
No faces or partial faces, necks, chins, people in reflections, new actors, extra fingers, new props, duplicate bottles, label changes, product morphing or liquid-color changes. No cuts within this generated clip. No added captions, promotional lettering, graphic overlays or watermark.

VOICE IDENTITY
Off-screen female narrator: a Filipina woman around 28 years old, with a warm, clear, conversational mid-range voice and smooth natural resonance. She sounds friendly, confident, curious and lightly playful, like a thoughtful friend helping someone choose a personal fragrance. Speak natural conversational Taglish with fluid Tagalog-English code-switching and a natural Filipina accent. Follow the exact supplied Taglish script; do not translate it into all-English or formal Tagalog. Keep scent names and website button labels unchanged. Keep a subtle smile in the voice, crisp diction, gently varied intonation and relaxed conversational pacing. Emphasize product names and key offer conditions clearly. Preserve the same age, accent, pitch range and vocal texture across every shot. Narration is off-screen; do not introduce a talking person or visible mouth. No shouting, forced whispering, exaggerated accent, celebrity imitation or robotic sales cadence.
VOICE TONE FOR THIS SCENT / STORY
Ask the opening buyer question with curiosity, then offer the named scent or brand answer helpfully. Sincere and grounded. Read mission and vision with conviction, smooth phrasing and enough space for their meaning.
AUDIO DIRECTION
Generate the following off-screen narration in this clip. Begin promptly and complete the spoken line naturally within the first 3 seconds, then leave quiet ambience for the remaining generation. Keep room tone and prop foley low under the voice; no music or other voices. No visible speaker or lip sync. Use the same selected voice preset/reference as the other clips when the selected Flow model supports it. Exact-font text is added later in the editor; do not generate subtitles.
EXACT VOICEOVER — speak only these words, once:
“Kilalanin ang Dear Body.”","","DEAR BODY / A SCENT JOURNEY","Animate this supplied start frame as one continuous photorealistic portrait 9:16 perfume-commercial shot. Match the first frame exactly: same Filipino adult hands, clothing, jewelry, set, props, warm saturated sunlight and natural skin texture. The woman smooths the red pouch edge with her free hand while the man keeps his bottle steady. Keep the burgundy strap clear of both labels.
Camera: Restrained smooth movement only; preserve the supplied viewing angle and full product. Do not zoom out or tilt upward.
Product lock: woman holding AMBER OUD SILK with white label and pale peach liquid on left; man holding CHARME ENVOÛTANT with black label and orange-amber liquid on right. Preserve the label lettering, PARFUM LONDON signature, small 50 ml cylindrical proportions, thick clear base and fitted black cylindrical cap. Keep the cap seated throughout.
No faces or partial faces, necks, chins, people in reflections, new actors, extra fingers, new props, duplicate bottles, label changes, product morphing or liquid-color changes. No cuts within this generated clip. No added captions, promotional lettering, graphic overlays or watermark.
Audio: subtle scene-appropriate room/outdoor ambience and gentle prop foley only; no generated speech or music. Voiceover and exact brand-font text will be added separately in the edit.","","Generate 4 seconds, then trim to 3 seconds in the edit."
"09","campaign","Mission and vision","London fragrance, Filipino spirit","3","07–12","5","4","09-campaign-mission-vision/frames/03-start.png","09-campaign-mission-vision/overlays/03-copy.png","09-campaign-mission-vision/frames/03b-charme-insert.png","Dear Body. London-formulated scents, pinili para sa Filipino lifestyle.","Ask the opening buyer question with curiosity, then offer the named scent or brand answer helpfully. Sincere and grounded. Read mission and vision with conviction, smooth phrasing and enough space for their meaning.","Animate this supplied start frame as one continuous photorealistic portrait 9:16 perfume-commercial shot. Match the first frame exactly: same Filipino adult hands, clothing, jewelry, set, props, warm saturated sunlight and natural skin texture. Hold the woman’s Amber Oud Silk bottle at constant size. A tiny natural hand settle, then stillness. Stay on Amber for this entire generation.
Camera: Restrained smooth movement only; preserve the supplied viewing angle and full product. Do not zoom out or tilt upward.
Product lock: AMBER OUD SILK; white label; pale-peach liquid; woman’s hand only. Preserve the label lettering, PARFUM LONDON signature, small 50 ml cylindrical proportions, thick clear base and fitted black cylindrical cap. Keep the cap seated throughout.
No faces or partial faces, necks, chins, people in reflections, new actors, extra fingers, new props, duplicate bottles, label changes, product morphing or liquid-color changes. No cuts within this generated clip. No added captions, promotional lettering, graphic overlays or watermark.

VOICE IDENTITY
Off-screen female narrator: a Filipina woman around 28 years old, with a warm, clear, conversational mid-range voice and smooth natural resonance. She sounds friendly, confident, curious and lightly playful, like a thoughtful friend helping someone choose a personal fragrance. Speak natural conversational Taglish with fluid Tagalog-English code-switching and a natural Filipina accent. Follow the exact supplied Taglish script; do not translate it into all-English or formal Tagalog. Keep scent names and website button labels unchanged. Keep a subtle smile in the voice, crisp diction, gently varied intonation and relaxed conversational pacing. Emphasize product names and key offer conditions clearly. Preserve the same age, accent, pitch range and vocal texture across every shot. Narration is off-screen; do not introduce a talking person or visible mouth. No shouting, forced whispering, exaggerated accent, celebrity imitation or robotic sales cadence.
VOICE TONE FOR THIS SCENT / STORY
Ask the opening buyer question with curiosity, then offer the named scent or brand answer helpfully. Sincere and grounded. Read mission and vision with conviction, smooth phrasing and enough space for their meaning.
AUDIO DIRECTION
Generate the following off-screen narration in this clip. Begin promptly and complete the spoken line naturally within the first 2.5 seconds, then leave quiet ambience for the remaining generation. Keep room tone and prop foley low under the voice; no music or other voices. No visible speaker or lip sync. Use the same selected voice preset/reference as the other clips when the selected Flow model supports it. Exact-font text is added later in the editor; do not generate subtitles.
EXACT VOICEOVER — speak only these words, once:
“Dear Body. London-formulated scents.”","Animate this supplied start frame as one continuous photorealistic portrait 9:16 perfume-commercial shot. Match the first frame exactly: same Filipino adult hands, clothing, jewelry, set, props, warm saturated sunlight and natural skin texture. Hold the man’s Charme Envoûtant bottle at the same apparent size as the separate Amber insert. A tiny hand settle, then stillness. Stay on Charme for this entire generation. Do not introduce Amber or morph products.
Camera: Restrained smooth movement only; preserve the supplied viewing angle and full product. Do not zoom out or tilt upward.
Product lock: CHARME ENVOÛTANT; black label; orange-amber liquid; man’s hand only. Preserve the label lettering, PARFUM LONDON signature, small 50 ml cylindrical proportions, thick clear base and fitted black cylindrical cap. Keep the cap seated throughout.
No faces or partial faces, necks, chins, people in reflections, new actors, extra fingers, new props, duplicate bottles, label changes, product morphing or liquid-color changes. No cuts within this generated clip. No added captions, promotional lettering, graphic overlays or watermark.

VOICE IDENTITY
Off-screen female narrator: a Filipina woman around 28 years old, with a warm, clear, conversational mid-range voice and smooth natural resonance. She sounds friendly, confident, curious and lightly playful, like a thoughtful friend helping someone choose a personal fragrance. Speak natural conversational Taglish with fluid Tagalog-English code-switching and a natural Filipina accent. Follow the exact supplied Taglish script; do not translate it into all-English or formal Tagalog. Keep scent names and website button labels unchanged. Keep a subtle smile in the voice, crisp diction, gently varied intonation and relaxed conversational pacing. Emphasize product names and key offer conditions clearly. Preserve the same age, accent, pitch range and vocal texture across every shot. Narration is off-screen; do not introduce a talking person or visible mouth. No shouting, forced whispering, exaggerated accent, celebrity imitation or robotic sales cadence.
VOICE TONE FOR THIS SCENT / STORY
Ask the opening buyer question with curiosity, then offer the named scent or brand answer helpfully. Sincere and grounded. Read mission and vision with conviction, smooth phrasing and enough space for their meaning.
AUDIO DIRECTION
Generate the following off-screen narration in this clip. Begin promptly and complete the spoken line naturally within the first 2.5 seconds, then leave quiet ambience for the remaining generation. Keep room tone and prop foley low under the voice; no music or other voices. No visible speaker or lip sync. Use the same selected voice preset/reference as the other clips when the selected Flow model supports it. Exact-font text is added later in the editor; do not generate subtitles.
EXACT VOICEOVER — speak only these words, once:
“Pinili para sa Filipino lifestyle.”","LONDON FRAGRANCE. FILIPINO SPIRIT.","Animate this supplied start frame as one continuous photorealistic portrait 9:16 perfume-commercial shot. Match the first frame exactly: same Filipino adult hands, clothing, jewelry, set, props, warm saturated sunlight and natural skin texture. Hold the woman’s Amber Oud Silk bottle at constant size. A tiny natural hand settle, then stillness. Stay on Amber for this entire generation.
Camera: Restrained smooth movement only; preserve the supplied viewing angle and full product. Do not zoom out or tilt upward.
Product lock: AMBER OUD SILK; white label; pale-peach liquid; woman’s hand only. Preserve the label lettering, PARFUM LONDON signature, small 50 ml cylindrical proportions, thick clear base and fitted black cylindrical cap. Keep the cap seated throughout.
No faces or partial faces, necks, chins, people in reflections, new actors, extra fingers, new props, duplicate bottles, label changes, product morphing or liquid-color changes. No cuts within this generated clip. No added captions, promotional lettering, graphic overlays or watermark.
Audio: subtle scene-appropriate room/outdoor ambience and gentle prop foley only; no generated speech or music. Voiceover and exact brand-font text will be added separately in the edit.","Animate this supplied start frame as one continuous photorealistic portrait 9:16 perfume-commercial shot. Match the first frame exactly: same Filipino adult hands, clothing, jewelry, set, props, warm saturated sunlight and natural skin texture. Hold the man’s Charme Envoûtant bottle at the same apparent size as the separate Amber insert. A tiny hand settle, then stillness. Stay on Charme for this entire generation. Do not introduce Amber or morph products.
Camera: Restrained smooth movement only; preserve the supplied viewing angle and full product. Do not zoom out or tilt upward.
Product lock: CHARME ENVOÛTANT; black label; orange-amber liquid; man’s hand only. Preserve the label lettering, PARFUM LONDON signature, small 50 ml cylindrical proportions, thick clear base and fitted black cylindrical cap. Keep the cap seated throughout.
No faces or partial faces, necks, chins, people in reflections, new actors, extra fingers, new props, duplicate bottles, label changes, product morphing or liquid-color changes. No cuts within this generated clip. No added captions, promotional lettering, graphic overlays or watermark.
Audio: subtle scene-appropriate room/outdoor ambience and gentle prop foley only; no generated speech or music. Voiceover and exact brand-font text will be added separately in the edit.","Two separate 4-second generations. Trim Amber to 2.5 seconds and Charme to 2.5 seconds; hard-cut at 09.5 seconds. Keep the voiceover continuous across both inserts. For voice-enabled generation, the two complete prompts split the narration between the inserts. Use a single continuous recorded take instead if their voices do not match."
"09","campaign","Mission and vision","London fragrance, Filipino spirit","4","12–21","9","8","09-campaign-mission-vision/frames/04-start.png","09-campaign-mission-vision/overlays/04-copy.png","","Ang mission namin: maingat na pagpili ng fragrances na bagay sa panlasa, lifestyle, at everyday moments ng mga Filipino.","Ask the opening buyer question with curiosity, then offer the named scent or brand answer helpfully. Sincere and grounded. Read mission and vision with conviction, smooth phrasing and enough space for their meaning.","Animate this supplied start frame as one continuous photorealistic portrait 9:16 perfume-commercial shot. Match the first frame exactly: same Filipino adult hands, clothing, jewelry, set, props, warm saturated sunlight and natural skin texture. Both adults gently angle their supported bottles toward the center by only a few degrees, without touching. Settle into a steady hold for the final three seconds.
Camera: Restrained smooth movement only; preserve the supplied viewing angle and full product. Do not zoom out or tilt upward.
Product lock: woman holding AMBER OUD SILK with white label and pale peach liquid on left; man holding CHARME ENVOÛTANT with black label and orange-amber liquid on right. Preserve the label lettering, PARFUM LONDON signature, small 50 ml cylindrical proportions, thick clear base and fitted black cylindrical cap. Keep the cap seated throughout.
No faces or partial faces, necks, chins, people in reflections, new actors, extra fingers, new props, duplicate bottles, label changes, product morphing or liquid-color changes. No cuts within this generated clip. No added captions, promotional lettering, graphic overlays or watermark.

VOICE IDENTITY
Off-screen female narrator: a Filipina woman around 28 years old, with a warm, clear, conversational mid-range voice and smooth natural resonance. She sounds friendly, confident, curious and lightly playful, like a thoughtful friend helping someone choose a personal fragrance. Speak natural conversational Taglish with fluid Tagalog-English code-switching and a natural Filipina accent. Follow the exact supplied Taglish script; do not translate it into all-English or formal Tagalog. Keep scent names and website button labels unchanged. Keep a subtle smile in the voice, crisp diction, gently varied intonation and relaxed conversational pacing. Emphasize product names and key offer conditions clearly. Preserve the same age, accent, pitch range and vocal texture across every shot. Narration is off-screen; do not introduce a talking person or visible mouth. No shouting, forced whispering, exaggerated accent, celebrity imitation or robotic sales cadence.
VOICE TONE FOR THIS SCENT / STORY
Ask the opening buyer question with curiosity, then offer the named scent or brand answer helpfully. Sincere and grounded. Read mission and vision with conviction, smooth phrasing and enough space for their meaning.
AUDIO DIRECTION
Generate the following off-screen narration in this clip. Begin promptly and complete the spoken line naturally within the first 8 seconds, then leave quiet ambience for the remaining generation. Keep room tone and prop foley low under the voice; no music or other voices. No visible speaker or lip sync. Use the same selected voice preset/reference as the other clips when the selected Flow model supports it. Exact-font text is added later in the editor; do not generate subtitles.
EXACT VOICEOVER — speak only these words, once:
“Ang mission namin: maingat na pagpili ng fragrances na bagay sa panlasa, lifestyle, at everyday moments ng mga Filipino.”","","OUR MISSION / London-formulated scents, curated for Filipino life.","Animate this supplied start frame as one continuous photorealistic portrait 9:16 perfume-commercial shot. Match the first frame exactly: same Filipino adult hands, clothing, jewelry, set, props, warm saturated sunlight and natural skin texture. Both adults gently angle their supported bottles toward the center by only a few degrees, without touching. Settle into a steady hold for the final three seconds.
Camera: Restrained smooth movement only; preserve the supplied viewing angle and full product. Do not zoom out or tilt upward.
Product lock: woman holding AMBER OUD SILK with white label and pale peach liquid on left; man holding CHARME ENVOÛTANT with black label and orange-amber liquid on right. Preserve the label lettering, PARFUM LONDON signature, small 50 ml cylindrical proportions, thick clear base and fitted black cylindrical cap. Keep the cap seated throughout.
No faces or partial faces, necks, chins, people in reflections, new actors, extra fingers, new props, duplicate bottles, label changes, product morphing or liquid-color changes. No cuts within this generated clip. No added captions, promotional lettering, graphic overlays or watermark.
Audio: subtle scene-appropriate room/outdoor ambience and gentle prop foley only; no generated speech or music. Voiceover and exact brand-font text will be added separately in the edit.","","Generate 8 seconds and hold the last steady frame for 1 second in the editor. Alternatively use a model offering 10 seconds and trim to 9."
"09","campaign","Mission and vision","London fragrance, Filipino spirit","5","21–29","8","8","09-campaign-mission-vision/frames/05-start.png","09-campaign-mission-vision/overlays/05-copy.png","","Ang vision namin: maging parte ng everyday life ng bawat Filipino ang fragrance culture ng London.","Ask the opening buyer question with curiosity, then offer the named scent or brand answer helpfully. Sincere and grounded. Read mission and vision with conviction, smooth phrasing and enough space for their meaning.","Animate this supplied start frame as one continuous photorealistic portrait 9:16 perfume-commercial shot. Match the first frame exactly: same Filipino adult hands, clothing, jewelry, set, props, warm saturated sunlight and natural skin texture. The free hand gently closes the slightly open orange notebook. Keep both fragrances in view, separated and label-forward, then hold.
Camera: Restrained smooth movement only; preserve the supplied viewing angle and full product. Do not zoom out or tilt upward.
Product lock: woman holding AMBER OUD SILK with white label and pale peach liquid on left; man holding CHARME ENVOÛTANT with black label and orange-amber liquid on right. Preserve the label lettering, PARFUM LONDON signature, small 50 ml cylindrical proportions, thick clear base and fitted black cylindrical cap. Keep the cap seated throughout.
No faces or partial faces, necks, chins, people in reflections, new actors, extra fingers, new props, duplicate bottles, label changes, product morphing or liquid-color changes. No cuts within this generated clip. No added captions, promotional lettering, graphic overlays or watermark.

VOICE IDENTITY
Off-screen female narrator: a Filipina woman around 28 years old, with a warm, clear, conversational mid-range voice and smooth natural resonance. She sounds friendly, confident, curious and lightly playful, like a thoughtful friend helping someone choose a personal fragrance. Speak natural conversational Taglish with fluid Tagalog-English code-switching and a natural Filipina accent. Follow the exact supplied Taglish script; do not translate it into all-English or formal Tagalog. Keep scent names and website button labels unchanged. Keep a subtle smile in the voice, crisp diction, gently varied intonation and relaxed conversational pacing. Emphasize product names and key offer conditions clearly. Preserve the same age, accent, pitch range and vocal texture across every shot. Narration is off-screen; do not introduce a talking person or visible mouth. No shouting, forced whispering, exaggerated accent, celebrity imitation or robotic sales cadence.
VOICE TONE FOR THIS SCENT / STORY
Ask the opening buyer question with curiosity, then offer the named scent or brand answer helpfully. Sincere and grounded. Read mission and vision with conviction, smooth phrasing and enough space for their meaning.
AUDIO DIRECTION
Generate the following off-screen narration in this clip. Begin promptly and complete the spoken line naturally within the first 8 seconds, then leave quiet ambience for the remaining generation. Keep room tone and prop foley low under the voice; no music or other voices. No visible speaker or lip sync. Use the same selected voice preset/reference as the other clips when the selected Flow model supports it. Exact-font text is added later in the editor; do not generate subtitles.
EXACT VOICEOVER — speak only these words, once:
“Ang vision namin: maging parte ng everyday life ng bawat Filipino ang fragrance culture ng London.”","","OUR VISION / London’s fragrance culture in every Filipino’s everyday life.","Animate this supplied start frame as one continuous photorealistic portrait 9:16 perfume-commercial shot. Match the first frame exactly: same Filipino adult hands, clothing, jewelry, set, props, warm saturated sunlight and natural skin texture. The free hand gently closes the slightly open orange notebook. Keep both fragrances in view, separated and label-forward, then hold.
Camera: Restrained smooth movement only; preserve the supplied viewing angle and full product. Do not zoom out or tilt upward.
Product lock: woman holding AMBER OUD SILK with white label and pale peach liquid on left; man holding CHARME ENVOÛTANT with black label and orange-amber liquid on right. Preserve the label lettering, PARFUM LONDON signature, small 50 ml cylindrical proportions, thick clear base and fitted black cylindrical cap. Keep the cap seated throughout.
No faces or partial faces, necks, chins, people in reflections, new actors, extra fingers, new props, duplicate bottles, label changes, product morphing or liquid-color changes. No cuts within this generated clip. No added captions, promotional lettering, graphic overlays or watermark.
Audio: subtle scene-appropriate room/outdoor ambience and gentle prop foley only; no generated speech or music. Voiceover and exact brand-font text will be added separately in the edit.","","Generate 8 seconds, then trim to 8 seconds in the edit."
"09","campaign","Mission and vision","London fragrance, Filipino spirit","6","29–33","4","4","09-campaign-mission-vision/frames/06-start.png","09-campaign-mission-vision/overlays/06-copy.png","","May magnetic cap na nagki-click. Puwedeng i-collect at i-display.","Ask the opening buyer question with curiosity, then offer the named scent or brand answer helpfully. Sincere and grounded. Read mission and vision with conviction, smooth phrasing and enough space for their meaning.","Animate this supplied start frame as one continuous photorealistic portrait 9:16 perfume-commercial shot. Match the first frame exactly: same Filipino adult hands, clothing, jewelry, set, props, warm saturated sunlight and natural skin texture. Hold the paired bottles above the warm yellow bench. Make only a tiny natural hand settle; keep both names sharp.
Camera: Restrained smooth movement only; preserve the supplied viewing angle and full product. Do not zoom out or tilt upward.
Product lock: woman holding AMBER OUD SILK with white label and pale peach liquid on left; man holding CHARME ENVOÛTANT with black label and orange-amber liquid on right. Preserve the label lettering, PARFUM LONDON signature, small 50 ml cylindrical proportions, thick clear base and fitted black cylindrical cap. Keep the cap seated throughout.
No faces or partial faces, necks, chins, people in reflections, new actors, extra fingers, new props, duplicate bottles, label changes, product morphing or liquid-color changes. No cuts within this generated clip. No added captions, promotional lettering, graphic overlays or watermark.

VOICE IDENTITY
Off-screen female narrator: a Filipina woman around 28 years old, with a warm, clear, conversational mid-range voice and smooth natural resonance. She sounds friendly, confident, curious and lightly playful, like a thoughtful friend helping someone choose a personal fragrance. Speak natural conversational Taglish with fluid Tagalog-English code-switching and a natural Filipina accent. Follow the exact supplied Taglish script; do not translate it into all-English or formal Tagalog. Keep scent names and website button labels unchanged. Keep a subtle smile in the voice, crisp diction, gently varied intonation and relaxed conversational pacing. Emphasize product names and key offer conditions clearly. Preserve the same age, accent, pitch range and vocal texture across every shot. Narration is off-screen; do not introduce a talking person or visible mouth. No shouting, forced whispering, exaggerated accent, celebrity imitation or robotic sales cadence.
VOICE TONE FOR THIS SCENT / STORY
Ask the opening buyer question with curiosity, then offer the named scent or brand answer helpfully. Sincere and grounded. Read mission and vision with conviction, smooth phrasing and enough space for their meaning.
AUDIO DIRECTION
Generate the following off-screen narration in this clip. Begin promptly and complete the spoken line naturally within the first 4 seconds, then leave quiet ambience for the remaining generation. Keep room tone and prop foley low under the voice; no music or other voices. No visible speaker or lip sync. Use the same selected voice preset/reference as the other clips when the selected Flow model supports it. Exact-font text is added later in the editor; do not generate subtitles.
EXACT VOICEOVER — speak only these words, once:
“May magnetic cap na nagki-click. Puwedeng i-collect at i-display.”","","MAGNETIC CAP / COLLECT & DISPLAY","Animate this supplied start frame as one continuous photorealistic portrait 9:16 perfume-commercial shot. Match the first frame exactly: same Filipino adult hands, clothing, jewelry, set, props, warm saturated sunlight and natural skin texture. Hold the paired bottles above the warm yellow bench. Make only a tiny natural hand settle; keep both names sharp.
Camera: Restrained smooth movement only; preserve the supplied viewing angle and full product. Do not zoom out or tilt upward.
Product lock: woman holding AMBER OUD SILK with white label and pale peach liquid on left; man holding CHARME ENVOÛTANT with black label and orange-amber liquid on right. Preserve the label lettering, PARFUM LONDON signature, small 50 ml cylindrical proportions, thick clear base and fitted black cylindrical cap. Keep the cap seated throughout.
No faces or partial faces, necks, chins, people in reflections, new actors, extra fingers, new props, duplicate bottles, label changes, product morphing or liquid-color changes. No cuts within this generated clip. No added captions, promotional lettering, graphic overlays or watermark.
Audio: subtle scene-appropriate room/outdoor ambience and gentle prop foley only; no generated speech or music. Voiceover and exact brand-font text will be added separately in the edit.","","Generate 4 seconds, then trim to 4 seconds in the edit."
"09","campaign","Mission and vision","London fragrance, Filipino spirit","7","33–40","7","8","09-campaign-mission-vision/frames/07-start.png","09-campaign-mission-vision/overlays/07-copy.png","","Free shipping sa two items or more. May COD. Tap Order Now.","Ask the opening buyer question with curiosity, then offer the named scent or brand answer helpfully. Sincere and grounded. Read mission and vision with conviction, smooth phrasing and enough space for their meaning.","Animate this supplied start frame as one continuous photorealistic portrait 9:16 perfume-commercial shot. Match the first frame exactly: same Filipino adult hands, clothing, jewelry, set, props, warm saturated sunlight and natural skin texture. Hold both bottles label-forward and still for the final three seconds.
Camera: Locked composition; final three seconds fully still.
Product lock: woman holding AMBER OUD SILK with white label and pale peach liquid on left; man holding CHARME ENVOÛTANT with black label and orange-amber liquid on right. Preserve the label lettering, PARFUM LONDON signature, small 50 ml cylindrical proportions, thick clear base and fitted black cylindrical cap. Keep the cap seated throughout.
No faces or partial faces, necks, chins, people in reflections, new actors, extra fingers, new props, duplicate bottles, label changes, product morphing or liquid-color changes. No cuts within this generated clip. No added captions, promotional lettering, graphic overlays or watermark.

VOICE IDENTITY
Off-screen female narrator: a Filipina woman around 28 years old, with a warm, clear, conversational mid-range voice and smooth natural resonance. She sounds friendly, confident, curious and lightly playful, like a thoughtful friend helping someone choose a personal fragrance. Speak natural conversational Taglish with fluid Tagalog-English code-switching and a natural Filipina accent. Follow the exact supplied Taglish script; do not translate it into all-English or formal Tagalog. Keep scent names and website button labels unchanged. Keep a subtle smile in the voice, crisp diction, gently varied intonation and relaxed conversational pacing. Emphasize product names and key offer conditions clearly. Preserve the same age, accent, pitch range and vocal texture across every shot. Narration is off-screen; do not introduce a talking person or visible mouth. No shouting, forced whispering, exaggerated accent, celebrity imitation or robotic sales cadence.
VOICE TONE FOR THIS SCENT / STORY
Ask the opening buyer question with curiosity, then offer the named scent or brand answer helpfully. Sincere and grounded. Read mission and vision with conviction, smooth phrasing and enough space for their meaning.
AUDIO DIRECTION
Generate the following off-screen narration in this clip. Begin promptly and complete the spoken line naturally within the first 7 seconds, then leave quiet ambience for the remaining generation. Keep room tone and prop foley low under the voice; no music or other voices. No visible speaker or lip sync. Use the same selected voice preset/reference as the other clips when the selected Flow model supports it. Exact-font text is added later in the editor; do not generate subtitles.
EXACT VOICEOVER — speak only these words, once:
“Free shipping sa two items or more. May COD. Tap Order Now.”","","ORDER NOW / FREE SHIPPING ON 2+ ITEMS / CASH ON DELIVERY","Animate this supplied start frame as one continuous photorealistic portrait 9:16 perfume-commercial shot. Match the first frame exactly: same Filipino adult hands, clothing, jewelry, set, props, warm saturated sunlight and natural skin texture. Hold both bottles label-forward and still for the final three seconds.
Camera: Locked composition; final three seconds fully still.
Product lock: woman holding AMBER OUD SILK with white label and pale peach liquid on left; man holding CHARME ENVOÛTANT with black label and orange-amber liquid on right. Preserve the label lettering, PARFUM LONDON signature, small 50 ml cylindrical proportions, thick clear base and fitted black cylindrical cap. Keep the cap seated throughout.
No faces or partial faces, necks, chins, people in reflections, new actors, extra fingers, new props, duplicate bottles, label changes, product morphing or liquid-color changes. No cuts within this generated clip. No added captions, promotional lettering, graphic overlays or watermark.
Audio: subtle scene-appropriate room/outdoor ambience and gentle prop foley only; no generated speech or music. Voiceover and exact brand-font text will be added separately in the edit.","","Generate 8 seconds, then trim to 7 seconds in the edit."
"10","campaign","Scent personality","Find what feels like you","1","00–04","4","4","10-campaign-scent-personality/frames/01-start.png","10-campaign-scent-personality/overlays/01-copy.png","","Ang daming scents—paano pipili ng bagay sa iyo?","Ask the opening buyer question with curiosity, then offer the named scent or brand answer helpfully. Curious and inclusive. Warmly invite the listener to recognize their own preferences; avoid assigning them a fixed identity.","Animate this supplied start frame as one continuous photorealistic portrait 9:16 perfume-commercial shot. Match the first frame exactly: same Filipino adult hands, clothing, jewelry, set, props, warm saturated sunlight and natural skin texture. From the supplied position with hands already beside the products, each adult settles their hand naturally. Both bottles remain upright and separate.
Camera: Restrained smooth movement only; preserve the supplied viewing angle and full product. Do not zoom out or tilt upward.
Product lock: MOJITO METALLIQUE with white label and golden liquid on left; OUD MIRAGE with black label and blue liquid on right. Preserve the label lettering, PARFUM LONDON signature, small 50 ml cylindrical proportions, thick clear base and fitted black cylindrical cap. Keep the cap seated throughout.
No faces or partial faces, necks, chins, people in reflections, new actors, extra fingers, new props, duplicate bottles, label changes, product morphing or liquid-color changes. No cuts within this generated clip. No added captions, promotional lettering, graphic overlays or watermark.

VOICE IDENTITY
Off-screen female narrator: a Filipina woman around 28 years old, with a warm, clear, conversational mid-range voice and smooth natural resonance. She sounds friendly, confident, curious and lightly playful, like a thoughtful friend helping someone choose a personal fragrance. Speak natural conversational Taglish with fluid Tagalog-English code-switching and a natural Filipina accent. Follow the exact supplied Taglish script; do not translate it into all-English or formal Tagalog. Keep scent names and website button labels unchanged. Keep a subtle smile in the voice, crisp diction, gently varied intonation and relaxed conversational pacing. Emphasize product names and key offer conditions clearly. Preserve the same age, accent, pitch range and vocal texture across every shot. Narration is off-screen; do not introduce a talking person or visible mouth. No shouting, forced whispering, exaggerated accent, celebrity imitation or robotic sales cadence.
VOICE TONE FOR THIS SCENT / STORY
Ask the opening buyer question with curiosity, then offer the named scent or brand answer helpfully. Curious and inclusive. Warmly invite the listener to recognize their own preferences; avoid assigning them a fixed identity.
AUDIO DIRECTION
Generate the following off-screen narration in this clip. Begin promptly and complete the spoken line naturally within the first 4 seconds, then leave quiet ambience for the remaining generation. Keep room tone and prop foley low under the voice; no music or other voices. No visible speaker or lip sync. Use the same selected voice preset/reference as the other clips when the selected Flow model supports it. Exact-font text is added later in the editor; do not generate subtitles.
EXACT VOICEOVER — speak only these words, once:
“Ang daming scents—paano pipili ng bagay sa iyo?”","","UNSURE WHICH SCENT TO CHOOSE?","Animate this supplied start frame as one continuous photorealistic portrait 9:16 perfume-commercial shot. Match the first frame exactly: same Filipino adult hands, clothing, jewelry, set, props, warm saturated sunlight and natural skin texture. From the supplied position with hands already beside the products, each adult settles their hand naturally. Both bottles remain upright and separate.
Camera: Restrained smooth movement only; preserve the supplied viewing angle and full product. Do not zoom out or tilt upward.
Product lock: MOJITO METALLIQUE with white label and golden liquid on left; OUD MIRAGE with black label and blue liquid on right. Preserve the label lettering, PARFUM LONDON signature, small 50 ml cylindrical proportions, thick clear base and fitted black cylindrical cap. Keep the cap seated throughout.
No faces or partial faces, necks, chins, people in reflections, new actors, extra fingers, new props, duplicate bottles, label changes, product morphing or liquid-color changes. No cuts within this generated clip. No added captions, promotional lettering, graphic overlays or watermark.
Audio: subtle scene-appropriate room/outdoor ambience and gentle prop foley only; no generated speech or music. Voiceover and exact brand-font text will be added separately in the edit.","","Generate 4 seconds, then trim to 4 seconds in the edit."
"10","campaign","Scent personality","Find what feels like you","2","04–07","3","4","10-campaign-scent-personality/frames/02-start.png","10-campaign-scent-personality/overlays/02-copy.png","","Simulan sa scent personality.","Ask the opening buyer question with curiosity, then offer the named scent or brand answer helpfully. Curious and inclusive. Warmly invite the listener to recognize their own preferences; avoid assigning them a fixed identity.","Animate this supplied start frame as one continuous photorealistic portrait 9:16 perfume-commercial shot. Match the first frame exactly: same Filipino adult hands, clothing, jewelry, set, props, warm saturated sunlight and natural skin texture. Keep both products steady while the hands relax beside their own bottles. Do not cover either label.
Camera: Restrained smooth movement only; preserve the supplied viewing angle and full product. Do not zoom out or tilt upward.
Product lock: MOJITO METALLIQUE with white label and golden liquid on left; OUD MIRAGE with black label and blue liquid on right. Preserve the label lettering, PARFUM LONDON signature, small 50 ml cylindrical proportions, thick clear base and fitted black cylindrical cap. Keep the cap seated throughout.
No faces or partial faces, necks, chins, people in reflections, new actors, extra fingers, new props, duplicate bottles, label changes, product morphing or liquid-color changes. No cuts within this generated clip. No added captions, promotional lettering, graphic overlays or watermark.

VOICE IDENTITY
Off-screen female narrator: a Filipina woman around 28 years old, with a warm, clear, conversational mid-range voice and smooth natural resonance. She sounds friendly, confident, curious and lightly playful, like a thoughtful friend helping someone choose a personal fragrance. Speak natural conversational Taglish with fluid Tagalog-English code-switching and a natural Filipina accent. Follow the exact supplied Taglish script; do not translate it into all-English or formal Tagalog. Keep scent names and website button labels unchanged. Keep a subtle smile in the voice, crisp diction, gently varied intonation and relaxed conversational pacing. Emphasize product names and key offer conditions clearly. Preserve the same age, accent, pitch range and vocal texture across every shot. Narration is off-screen; do not introduce a talking person or visible mouth. No shouting, forced whispering, exaggerated accent, celebrity imitation or robotic sales cadence.
VOICE TONE FOR THIS SCENT / STORY
Ask the opening buyer question with curiosity, then offer the named scent or brand answer helpfully. Curious and inclusive. Warmly invite the listener to recognize their own preferences; avoid assigning them a fixed identity.
AUDIO DIRECTION
Generate the following off-screen narration in this clip. Begin promptly and complete the spoken line naturally within the first 3 seconds, then leave quiet ambience for the remaining generation. Keep room tone and prop foley low under the voice; no music or other voices. No visible speaker or lip sync. Use the same selected voice preset/reference as the other clips when the selected Flow model supports it. Exact-font text is added later in the editor; do not generate subtitles.
EXACT VOICEOVER — speak only these words, once:
“Simulan sa scent personality.”","","START WITH YOUR PERSONALITY","Animate this supplied start frame as one continuous photorealistic portrait 9:16 perfume-commercial shot. Match the first frame exactly: same Filipino adult hands, clothing, jewelry, set, props, warm saturated sunlight and natural skin texture. Keep both products steady while the hands relax beside their own bottles. Do not cover either label.
Camera: Restrained smooth movement only; preserve the supplied viewing angle and full product. Do not zoom out or tilt upward.
Product lock: MOJITO METALLIQUE with white label and golden liquid on left; OUD MIRAGE with black label and blue liquid on right. Preserve the label lettering, PARFUM LONDON signature, small 50 ml cylindrical proportions, thick clear base and fitted black cylindrical cap. Keep the cap seated throughout.
No faces or partial faces, necks, chins, people in reflections, new actors, extra fingers, new props, duplicate bottles, label changes, product morphing or liquid-color changes. No cuts within this generated clip. No added captions, promotional lettering, graphic overlays or watermark.
Audio: subtle scene-appropriate room/outdoor ambience and gentle prop foley only; no generated speech or music. Voiceover and exact brand-font text will be added separately in the edit.","","Generate 4 seconds, then trim to 3 seconds in the edit."
"10","campaign","Scent personality","Find what feels like you","3","07–11","4","4","10-campaign-scent-personality/frames/03-start.png","10-campaign-scent-personality/overlays/03-copy.png","","Soft at creamy ang sweetness, may light fruity glow.","Ask the opening buyer question with curiosity, then offer the named scent or brand answer helpfully. Curious and inclusive. Warmly invite the listener to recognize their own preferences; avoid assigning them a fixed identity.","Animate this supplied start frame as one continuous photorealistic portrait 9:16 perfume-commercial shot. Match the first frame exactly: same Filipino adult hands, clothing, jewelry, set, props, warm saturated sunlight and natural skin texture. Hold the Mojito bottle with its warm yellow fabric and red pouch context. Move the camera 3 cm closer, preserving the full bottle.
Camera: Restrained smooth movement only; preserve the supplied viewing angle and full product. Do not zoom out or tilt upward.
Product lock: MOJITO METALLIQUE; white label; golden-yellow liquid. Preserve the label lettering, PARFUM LONDON signature, small 50 ml cylindrical proportions, thick clear base and fitted black cylindrical cap. Keep the cap seated throughout.
No faces or partial faces, necks, chins, people in reflections, new actors, extra fingers, new props, duplicate bottles, label changes, product morphing or liquid-color changes. No cuts within this generated clip. No added captions, promotional lettering, graphic overlays or watermark.

VOICE IDENTITY
Off-screen female narrator: a Filipina woman around 28 years old, with a warm, clear, conversational mid-range voice and smooth natural resonance. She sounds friendly, confident, curious and lightly playful, like a thoughtful friend helping someone choose a personal fragrance. Speak natural conversational Taglish with fluid Tagalog-English code-switching and a natural Filipina accent. Follow the exact supplied Taglish script; do not translate it into all-English or formal Tagalog. Keep scent names and website button labels unchanged. Keep a subtle smile in the voice, crisp diction, gently varied intonation and relaxed conversational pacing. Emphasize product names and key offer conditions clearly. Preserve the same age, accent, pitch range and vocal texture across every shot. Narration is off-screen; do not introduce a talking person or visible mouth. No shouting, forced whispering, exaggerated accent, celebrity imitation or robotic sales cadence.
VOICE TONE FOR THIS SCENT / STORY
Ask the opening buyer question with curiosity, then offer the named scent or brand answer helpfully. Curious and inclusive. Warmly invite the listener to recognize their own preferences; avoid assigning them a fixed identity.
AUDIO DIRECTION
Generate the following off-screen narration in this clip. Begin promptly and complete the spoken line naturally within the first 4 seconds, then leave quiet ambience for the remaining generation. Keep room tone and prop foley low under the voice; no music or other voices. No visible speaker or lip sync. Use the same selected voice preset/reference as the other clips when the selected Flow model supports it. Exact-font text is added later in the editor; do not generate subtitles.
EXACT VOICEOVER — speak only these words, once:
“Soft at creamy ang sweetness, may light fruity glow.”","","MOJITO METALLIQUE / SOFT · CREAMY · FRUITY","Animate this supplied start frame as one continuous photorealistic portrait 9:16 perfume-commercial shot. Match the first frame exactly: same Filipino adult hands, clothing, jewelry, set, props, warm saturated sunlight and natural skin texture. Hold the Mojito bottle with its warm yellow fabric and red pouch context. Move the camera 3 cm closer, preserving the full bottle.
Camera: Restrained smooth movement only; preserve the supplied viewing angle and full product. Do not zoom out or tilt upward.
Product lock: MOJITO METALLIQUE; white label; golden-yellow liquid. Preserve the label lettering, PARFUM LONDON signature, small 50 ml cylindrical proportions, thick clear base and fitted black cylindrical cap. Keep the cap seated throughout.
No faces or partial faces, necks, chins, people in reflections, new actors, extra fingers, new props, duplicate bottles, label changes, product morphing or liquid-color changes. No cuts within this generated clip. No added captions, promotional lettering, graphic overlays or watermark.
Audio: subtle scene-appropriate room/outdoor ambience and gentle prop foley only; no generated speech or music. Voiceover and exact brand-font text will be added separately in the edit.","","Generate 4 seconds, then trim to 4 seconds in the edit."
"10","campaign","Scent personality","Find what feels like you","4","11–18","7","8","10-campaign-scent-personality/frames/04-start.png","10-campaign-scent-personality/overlays/04-copy.png","","Mojito Metallique: para sa friendly, easygoing, at lighthearted na personality.","Ask the opening buyer question with curiosity, then offer the named scent or brand answer helpfully. Curious and inclusive. Warmly invite the listener to recognize their own preferences; avoid assigning them a fixed identity.","Animate this supplied start frame as one continuous photorealistic portrait 9:16 perfume-commercial shot. Match the first frame exactly: same Filipino adult hands, clothing, jewelry, set, props, warm saturated sunlight and natural skin texture. Keep Mojito standing steady beside the woman’s hand with yellow fabric and red pouch behind. No new movement or props.
Camera: Restrained smooth movement only; preserve the supplied viewing angle and full product. Do not zoom out or tilt upward.
Product lock: MOJITO METALLIQUE; white label; golden-yellow liquid. Preserve the label lettering, PARFUM LONDON signature, small 50 ml cylindrical proportions, thick clear base and fitted black cylindrical cap. Keep the cap seated throughout.
No faces or partial faces, necks, chins, people in reflections, new actors, extra fingers, new props, duplicate bottles, label changes, product morphing or liquid-color changes. No cuts within this generated clip. No added captions, promotional lettering, graphic overlays or watermark.

VOICE IDENTITY
Off-screen female narrator: a Filipina woman around 28 years old, with a warm, clear, conversational mid-range voice and smooth natural resonance. She sounds friendly, confident, curious and lightly playful, like a thoughtful friend helping someone choose a personal fragrance. Speak natural conversational Taglish with fluid Tagalog-English code-switching and a natural Filipina accent. Follow the exact supplied Taglish script; do not translate it into all-English or formal Tagalog. Keep scent names and website button labels unchanged. Keep a subtle smile in the voice, crisp diction, gently varied intonation and relaxed conversational pacing. Emphasize product names and key offer conditions clearly. Preserve the same age, accent, pitch range and vocal texture across every shot. Narration is off-screen; do not introduce a talking person or visible mouth. No shouting, forced whispering, exaggerated accent, celebrity imitation or robotic sales cadence.
VOICE TONE FOR THIS SCENT / STORY
Ask the opening buyer question with curiosity, then offer the named scent or brand answer helpfully. Curious and inclusive. Warmly invite the listener to recognize their own preferences; avoid assigning them a fixed identity.
AUDIO DIRECTION
Generate the following off-screen narration in this clip. Begin promptly and complete the spoken line naturally within the first 7 seconds, then leave quiet ambience for the remaining generation. Keep room tone and prop foley low under the voice; no music or other voices. No visible speaker or lip sync. Use the same selected voice preset/reference as the other clips when the selected Flow model supports it. Exact-font text is added later in the editor; do not generate subtitles.
EXACT VOICEOVER — speak only these words, once:
“Mojito Metallique: para sa friendly, easygoing, at lighthearted na personality.”","","MOJITO METALLIQUE / FRIENDLY · EASYGOING · LIGHTHEARTED","Animate this supplied start frame as one continuous photorealistic portrait 9:16 perfume-commercial shot. Match the first frame exactly: same Filipino adult hands, clothing, jewelry, set, props, warm saturated sunlight and natural skin texture. Keep Mojito standing steady beside the woman’s hand with yellow fabric and red pouch behind. No new movement or props.
Camera: Restrained smooth movement only; preserve the supplied viewing angle and full product. Do not zoom out or tilt upward.
Product lock: MOJITO METALLIQUE; white label; golden-yellow liquid. Preserve the label lettering, PARFUM LONDON signature, small 50 ml cylindrical proportions, thick clear base and fitted black cylindrical cap. Keep the cap seated throughout.
No faces or partial faces, necks, chins, people in reflections, new actors, extra fingers, new props, duplicate bottles, label changes, product morphing or liquid-color changes. No cuts within this generated clip. No added captions, promotional lettering, graphic overlays or watermark.
Audio: subtle scene-appropriate room/outdoor ambience and gentle prop foley only; no generated speech or music. Voiceover and exact brand-font text will be added separately in the edit.","","Generate 8 seconds, then trim to 7 seconds in the edit."
"10","campaign","Scent personality","Find what feels like you","5","18–25","7","8","10-campaign-scent-personality/frames/05-start.png","10-campaign-scent-personality/overlays/05-copy.png","","Oud Mirage: para sa independent, reflective, at self-assured. Dark rose na may smoky, woody depth.","Ask the opening buyer question with curiosity, then offer the named scent or brand answer helpfully. Curious and inclusive. Warmly invite the listener to recognize their own preferences; avoid assigning them a fixed identity.","Animate this supplied start frame as one continuous photorealistic portrait 9:16 perfume-commercial shot. Match the first frame exactly: same Filipino adult hands, clothing, jewelry, set, props, warm saturated sunlight and natural skin texture. Hold Oud Mirage steady beside the burgundy journal in the man’s vignette. Keep the black label readable and blue liquid unchanged.
Camera: Restrained smooth movement only; preserve the supplied viewing angle and full product. Do not zoom out or tilt upward.
Product lock: OUD MIRAGE; black label; blue liquid. Preserve the label lettering, PARFUM LONDON signature, small 50 ml cylindrical proportions, thick clear base and fitted black cylindrical cap. Keep the cap seated throughout.
No faces or partial faces, necks, chins, people in reflections, new actors, extra fingers, new props, duplicate bottles, label changes, product morphing or liquid-color changes. No cuts within this generated clip. No added captions, promotional lettering, graphic overlays or watermark.

VOICE IDENTITY
Off-screen female narrator: a Filipina woman around 28 years old, with a warm, clear, conversational mid-range voice and smooth natural resonance. She sounds friendly, confident, curious and lightly playful, like a thoughtful friend helping someone choose a personal fragrance. Speak natural conversational Taglish with fluid Tagalog-English code-switching and a natural Filipina accent. Follow the exact supplied Taglish script; do not translate it into all-English or formal Tagalog. Keep scent names and website button labels unchanged. Keep a subtle smile in the voice, crisp diction, gently varied intonation and relaxed conversational pacing. Emphasize product names and key offer conditions clearly. Preserve the same age, accent, pitch range and vocal texture across every shot. Narration is off-screen; do not introduce a talking person or visible mouth. No shouting, forced whispering, exaggerated accent, celebrity imitation or robotic sales cadence.
VOICE TONE FOR THIS SCENT / STORY
Ask the opening buyer question with curiosity, then offer the named scent or brand answer helpfully. Curious and inclusive. Warmly invite the listener to recognize their own preferences; avoid assigning them a fixed identity.
AUDIO DIRECTION
Generate the following off-screen narration in this clip. Begin promptly and complete the spoken line naturally within the first 7 seconds, then leave quiet ambience for the remaining generation. Keep room tone and prop foley low under the voice; no music or other voices. No visible speaker or lip sync. Use the same selected voice preset/reference as the other clips when the selected Flow model supports it. Exact-font text is added later in the editor; do not generate subtitles.
EXACT VOICEOVER — speak only these words, once:
“Oud Mirage: para sa independent, reflective, at self-assured. Dark rose na may smoky, woody depth.”","","OUD MIRAGE / INDEPENDENT · REFLECTIVE · SELF-ASSURED","Animate this supplied start frame as one continuous photorealistic portrait 9:16 perfume-commercial shot. Match the first frame exactly: same Filipino adult hands, clothing, jewelry, set, props, warm saturated sunlight and natural skin texture. Hold Oud Mirage steady beside the burgundy journal in the man’s vignette. Keep the black label readable and blue liquid unchanged.
Camera: Restrained smooth movement only; preserve the supplied viewing angle and full product. Do not zoom out or tilt upward.
Product lock: OUD MIRAGE; black label; blue liquid. Preserve the label lettering, PARFUM LONDON signature, small 50 ml cylindrical proportions, thick clear base and fitted black cylindrical cap. Keep the cap seated throughout.
No faces or partial faces, necks, chins, people in reflections, new actors, extra fingers, new props, duplicate bottles, label changes, product morphing or liquid-color changes. No cuts within this generated clip. No added captions, promotional lettering, graphic overlays or watermark.
Audio: subtle scene-appropriate room/outdoor ambience and gentle prop foley only; no generated speech or music. Voiceover and exact brand-font text will be added separately in the edit.","","Generate 8 seconds, then trim to 7 seconds in the edit."
"10","campaign","Scent personality","Find what feels like you","6","25–29","4","4","10-campaign-scent-personality/frames/06-start.png","10-campaign-scent-personality/overlays/06-copy.png","","May magnetic cap na nagki-click. Puwedeng i-collect at i-display.","Ask the opening buyer question with curiosity, then offer the named scent or brand answer helpfully. Curious and inclusive. Warmly invite the listener to recognize their own preferences; avoid assigning them a fixed identity.","Animate this supplied start frame as one continuous photorealistic portrait 9:16 perfume-commercial shot. Match the first frame exactly: same Filipino adult hands, clothing, jewelry, set, props, warm saturated sunlight and natural skin texture. Hold both vignettes together with hands resting naturally at their respective edges.
Camera: Restrained smooth movement only; preserve the supplied viewing angle and full product. Do not zoom out or tilt upward.
Product lock: MOJITO METALLIQUE with white label and golden liquid on left; OUD MIRAGE with black label and blue liquid on right. Preserve the label lettering, PARFUM LONDON signature, small 50 ml cylindrical proportions, thick clear base and fitted black cylindrical cap. Keep the cap seated throughout.
No faces or partial faces, necks, chins, people in reflections, new actors, extra fingers, new props, duplicate bottles, label changes, product morphing or liquid-color changes. No cuts within this generated clip. No added captions, promotional lettering, graphic overlays or watermark.

VOICE IDENTITY
Off-screen female narrator: a Filipina woman around 28 years old, with a warm, clear, conversational mid-range voice and smooth natural resonance. She sounds friendly, confident, curious and lightly playful, like a thoughtful friend helping someone choose a personal fragrance. Speak natural conversational Taglish with fluid Tagalog-English code-switching and a natural Filipina accent. Follow the exact supplied Taglish script; do not translate it into all-English or formal Tagalog. Keep scent names and website button labels unchanged. Keep a subtle smile in the voice, crisp diction, gently varied intonation and relaxed conversational pacing. Emphasize product names and key offer conditions clearly. Preserve the same age, accent, pitch range and vocal texture across every shot. Narration is off-screen; do not introduce a talking person or visible mouth. No shouting, forced whispering, exaggerated accent, celebrity imitation or robotic sales cadence.
VOICE TONE FOR THIS SCENT / STORY
Ask the opening buyer question with curiosity, then offer the named scent or brand answer helpfully. Curious and inclusive. Warmly invite the listener to recognize their own preferences; avoid assigning them a fixed identity.
AUDIO DIRECTION
Generate the following off-screen narration in this clip. Begin promptly and complete the spoken line naturally within the first 4 seconds, then leave quiet ambience for the remaining generation. Keep room tone and prop foley low under the voice; no music or other voices. No visible speaker or lip sync. Use the same selected voice preset/reference as the other clips when the selected Flow model supports it. Exact-font text is added later in the editor; do not generate subtitles.
EXACT VOICEOVER — speak only these words, once:
“May magnetic cap na nagki-click. Puwedeng i-collect at i-display.”","","MAGNETIC CAP / COLLECT & DISPLAY","Animate this supplied start frame as one continuous photorealistic portrait 9:16 perfume-commercial shot. Match the first frame exactly: same Filipino adult hands, clothing, jewelry, set, props, warm saturated sunlight and natural skin texture. Hold both vignettes together with hands resting naturally at their respective edges.
Camera: Restrained smooth movement only; preserve the supplied viewing angle and full product. Do not zoom out or tilt upward.
Product lock: MOJITO METALLIQUE with white label and golden liquid on left; OUD MIRAGE with black label and blue liquid on right. Preserve the label lettering, PARFUM LONDON signature, small 50 ml cylindrical proportions, thick clear base and fitted black cylindrical cap. Keep the cap seated throughout.
No faces or partial faces, necks, chins, people in reflections, new actors, extra fingers, new props, duplicate bottles, label changes, product morphing or liquid-color changes. No cuts within this generated clip. No added captions, promotional lettering, graphic overlays or watermark.
Audio: subtle scene-appropriate room/outdoor ambience and gentle prop foley only; no generated speech or music. Voiceover and exact brand-font text will be added separately in the edit.","","Generate 4 seconds, then trim to 4 seconds in the edit."
"10","campaign","Scent personality","Find what feels like you","7","29–36","7","8","10-campaign-scent-personality/frames/07-start.png","10-campaign-scent-personality/overlays/07-copy.png","","Free shipping sa two items or more. May COD. Tap Order Now.","Ask the opening buyer question with curiosity, then offer the named scent or brand answer helpfully. Curious and inclusive. Warmly invite the listener to recognize their own preferences; avoid assigning them a fixed identity.","Animate this supplied start frame as one continuous photorealistic portrait 9:16 perfume-commercial shot. Match the first frame exactly: same Filipino adult hands, clothing, jewelry, set, props, warm saturated sunlight and natural skin texture. Hold both products in the original composition, with no movement for the final three seconds.
Camera: Locked composition; final three seconds fully still.
Product lock: MOJITO METALLIQUE with white label and golden liquid on left; OUD MIRAGE with black label and blue liquid on right. Preserve the label lettering, PARFUM LONDON signature, small 50 ml cylindrical proportions, thick clear base and fitted black cylindrical cap. Keep the cap seated throughout.
No faces or partial faces, necks, chins, people in reflections, new actors, extra fingers, new props, duplicate bottles, label changes, product morphing or liquid-color changes. No cuts within this generated clip. No added captions, promotional lettering, graphic overlays or watermark.

VOICE IDENTITY
Off-screen female narrator: a Filipina woman around 28 years old, with a warm, clear, conversational mid-range voice and smooth natural resonance. She sounds friendly, confident, curious and lightly playful, like a thoughtful friend helping someone choose a personal fragrance. Speak natural conversational Taglish with fluid Tagalog-English code-switching and a natural Filipina accent. Follow the exact supplied Taglish script; do not translate it into all-English or formal Tagalog. Keep scent names and website button labels unchanged. Keep a subtle smile in the voice, crisp diction, gently varied intonation and relaxed conversational pacing. Emphasize product names and key offer conditions clearly. Preserve the same age, accent, pitch range and vocal texture across every shot. Narration is off-screen; do not introduce a talking person or visible mouth. No shouting, forced whispering, exaggerated accent, celebrity imitation or robotic sales cadence.
VOICE TONE FOR THIS SCENT / STORY
Ask the opening buyer question with curiosity, then offer the named scent or brand answer helpfully. Curious and inclusive. Warmly invite the listener to recognize their own preferences; avoid assigning them a fixed identity.
AUDIO DIRECTION
Generate the following off-screen narration in this clip. Begin promptly and complete the spoken line naturally within the first 7 seconds, then leave quiet ambience for the remaining generation. Keep room tone and prop foley low under the voice; no music or other voices. No visible speaker or lip sync. Use the same selected voice preset/reference as the other clips when the selected Flow model supports it. Exact-font text is added later in the editor; do not generate subtitles.
EXACT VOICEOVER — speak only these words, once:
“Free shipping sa two items or more. May COD. Tap Order Now.”","","ORDER NOW / FREE SHIPPING ON 2+ ITEMS / CASH ON DELIVERY","Animate this supplied start frame as one continuous photorealistic portrait 9:16 perfume-commercial shot. Match the first frame exactly: same Filipino adult hands, clothing, jewelry, set, props, warm saturated sunlight and natural skin texture. Hold both products in the original composition, with no movement for the final three seconds.
Camera: Locked composition; final three seconds fully still.
Product lock: MOJITO METALLIQUE with white label and golden liquid on left; OUD MIRAGE with black label and blue liquid on right. Preserve the label lettering, PARFUM LONDON signature, small 50 ml cylindrical proportions, thick clear base and fitted black cylindrical cap. Keep the cap seated throughout.
No faces or partial faces, necks, chins, people in reflections, new actors, extra fingers, new props, duplicate bottles, label changes, product morphing or liquid-color changes. No cuts within this generated clip. No added captions, promotional lettering, graphic overlays or watermark.
Audio: subtle scene-appropriate room/outdoor ambience and gentle prop foley only; no generated speech or music. Voiceover and exact brand-font text will be added separately in the edit.","","Generate 8 seconds, then trim to 7 seconds in the edit."
"11","personality","Mojito Metallique","THE EASYGOING SPIRIT.","1","00–04","4","4","11-personality-mojito-metallique/frames/01-start.png","11-personality-mojito-metallique/overlays/01-copy.png","","Gusto ng sweet scent, pero hindi alam saan magsisimula?","Ask the opening buyer question with curiosity, then offer the named scent or brand answer helpfully. Friendly, easygoing and lighthearted. Smile gently on the opening question and welcome the listener into the discovery CTA.","Animate this supplied start frame as one continuous photorealistic portrait 9:16 perfume-commercial shot. Match the first frame exactly: same Filipino adult hands, clothing, jewelry, set, props, warm saturated sunlight and natural skin texture. The free fingertips set the single burgundy domino down on the checker cloth, then relax. The other hand keeps the full bottle upright beside it.
Camera: Restrained smooth movement only; preserve the supplied viewing angle and full product. Do not zoom out or tilt upward.
Product lock: MOJITO METALLIQUE; white label; golden-yellow liquid. Preserve the label lettering, PARFUM LONDON signature, small 50 ml cylindrical proportions, thick clear base and fitted black cylindrical cap. Keep the cap seated throughout.
No faces or partial faces, necks, chins, people in reflections, new actors, extra fingers, new props, duplicate bottles, label changes, product morphing or liquid-color changes. No cuts within this generated clip. No added captions, promotional lettering, graphic overlays or watermark.

VOICE IDENTITY
Off-screen female narrator: a Filipina woman around 28 years old, with a warm, clear, conversational mid-range voice and smooth natural resonance. She sounds friendly, confident, curious and lightly playful, like a thoughtful friend helping someone choose a personal fragrance. Speak natural conversational Taglish with fluid Tagalog-English code-switching and a natural Filipina accent. Follow the exact supplied Taglish script; do not translate it into all-English or formal Tagalog. Keep scent names and website button labels unchanged. Keep a subtle smile in the voice, crisp diction, gently varied intonation and relaxed conversational pacing. Emphasize product names and key offer conditions clearly. Preserve the same age, accent, pitch range and vocal texture across every shot. Narration is off-screen; do not introduce a talking person or visible mouth. No shouting, forced whispering, exaggerated accent, celebrity imitation or robotic sales cadence.
VOICE TONE FOR THIS SCENT / STORY
Ask the opening buyer question with curiosity, then offer the named scent or brand answer helpfully. Friendly, easygoing and lighthearted. Smile gently on the opening question and welcome the listener into the discovery CTA.
AUDIO DIRECTION
Generate the following off-screen narration in this clip. Begin promptly and complete the spoken line naturally within the first 4 seconds, then leave quiet ambience for the remaining generation. Keep room tone and prop foley low under the voice; no music or other voices. No visible speaker or lip sync. Use the same selected voice preset/reference as the other clips when the selected Flow model supports it. Exact-font text is added later in the editor; do not generate subtitles.
EXACT VOICEOVER — speak only these words, once:
“Gusto ng sweet scent, pero hindi alam saan magsisimula?”","","SWEET SCENT? / START HERE","Animate this supplied start frame as one continuous photorealistic portrait 9:16 perfume-commercial shot. Match the first frame exactly: same Filipino adult hands, clothing, jewelry, set, props, warm saturated sunlight and natural skin texture. The free fingertips set the single burgundy domino down on the checker cloth, then relax. The other hand keeps the full bottle upright beside it.
Camera: Restrained smooth movement only; preserve the supplied viewing angle and full product. Do not zoom out or tilt upward.
Product lock: MOJITO METALLIQUE; white label; golden-yellow liquid. Preserve the label lettering, PARFUM LONDON signature, small 50 ml cylindrical proportions, thick clear base and fitted black cylindrical cap. Keep the cap seated throughout.
No faces or partial faces, necks, chins, people in reflections, new actors, extra fingers, new props, duplicate bottles, label changes, product morphing or liquid-color changes. No cuts within this generated clip. No added captions, promotional lettering, graphic overlays or watermark.
Audio: subtle scene-appropriate room/outdoor ambience and gentle prop foley only; no generated speech or music. Voiceover and exact brand-font text will be added separately in the edit.","","Generate 4 seconds, then trim to 4 seconds in the edit."
"11","personality","Mojito Metallique","THE EASYGOING SPIRIT.","2","04–10","6","6","11-personality-mojito-metallique/frames/02-start.png","11-personality-mojito-metallique/overlays/02-copy.png","","Try Mojito Metallique. Soft at creamy ang sweetness, may light fruity glow.","Ask the opening buyer question with curiosity, then offer the named scent or brand answer helpfully. Friendly, easygoing and lighthearted. Smile gently on the opening question and welcome the listener into the discovery CTA.","Animate this supplied start frame as one continuous photorealistic portrait 9:16 perfume-commercial shot. Match the first frame exactly: same Filipino adult hands, clothing, jewelry, set, props, warm saturated sunlight and natural skin texture. Hold the complete bottle steady. The free hand makes one tiny natural adjustment to the existing nearby prop, then rests; do not add or move props across the label.
Camera: Restrained smooth movement only; preserve the supplied viewing angle and full product. Do not zoom out or tilt upward.
Product lock: MOJITO METALLIQUE; white label; golden-yellow liquid. Preserve the label lettering, PARFUM LONDON signature, small 50 ml cylindrical proportions, thick clear base and fitted black cylindrical cap. Keep the cap seated throughout.
No faces or partial faces, necks, chins, people in reflections, new actors, extra fingers, new props, duplicate bottles, label changes, product morphing or liquid-color changes. No cuts within this generated clip. No added captions, promotional lettering, graphic overlays or watermark.

VOICE IDENTITY
Off-screen female narrator: a Filipina woman around 28 years old, with a warm, clear, conversational mid-range voice and smooth natural resonance. She sounds friendly, confident, curious and lightly playful, like a thoughtful friend helping someone choose a personal fragrance. Speak natural conversational Taglish with fluid Tagalog-English code-switching and a natural Filipina accent. Follow the exact supplied Taglish script; do not translate it into all-English or formal Tagalog. Keep scent names and website button labels unchanged. Keep a subtle smile in the voice, crisp diction, gently varied intonation and relaxed conversational pacing. Emphasize product names and key offer conditions clearly. Preserve the same age, accent, pitch range and vocal texture across every shot. Narration is off-screen; do not introduce a talking person or visible mouth. No shouting, forced whispering, exaggerated accent, celebrity imitation or robotic sales cadence.
VOICE TONE FOR THIS SCENT / STORY
Ask the opening buyer question with curiosity, then offer the named scent or brand answer helpfully. Friendly, easygoing and lighthearted. Smile gently on the opening question and welcome the listener into the discovery CTA.
AUDIO DIRECTION
Generate the following off-screen narration in this clip. Begin promptly and complete the spoken line naturally within the first 6 seconds, then leave quiet ambience for the remaining generation. Keep room tone and prop foley low under the voice; no music or other voices. No visible speaker or lip sync. Use the same selected voice preset/reference as the other clips when the selected Flow model supports it. Exact-font text is added later in the editor; do not generate subtitles.
EXACT VOICEOVER — speak only these words, once:
“Try Mojito Metallique. Soft at creamy ang sweetness, may light fruity glow.”","","MOJITO METALLIQUE / SOFT · CREAMY · FRUITY","Animate this supplied start frame as one continuous photorealistic portrait 9:16 perfume-commercial shot. Match the first frame exactly: same Filipino adult hands, clothing, jewelry, set, props, warm saturated sunlight and natural skin texture. Hold the complete bottle steady. The free hand makes one tiny natural adjustment to the existing nearby prop, then rests; do not add or move props across the label.
Camera: Restrained smooth movement only; preserve the supplied viewing angle and full product. Do not zoom out or tilt upward.
Product lock: MOJITO METALLIQUE; white label; golden-yellow liquid. Preserve the label lettering, PARFUM LONDON signature, small 50 ml cylindrical proportions, thick clear base and fitted black cylindrical cap. Keep the cap seated throughout.
No faces or partial faces, necks, chins, people in reflections, new actors, extra fingers, new props, duplicate bottles, label changes, product morphing or liquid-color changes. No cuts within this generated clip. No added captions, promotional lettering, graphic overlays or watermark.
Audio: subtle scene-appropriate room/outdoor ambience and gentle prop foley only; no generated speech or music. Voiceover and exact brand-font text will be added separately in the edit.","","Generate 6 seconds, then trim to 6 seconds in the edit."
"11","personality","Mojito Metallique","THE EASYGOING SPIRIT.","3","10–16","6","6","11-personality-mojito-metallique/frames/03-start.png","11-personality-mojito-metallique/overlays/03-copy.png","","Para sa friendly, easygoing, at lighthearted na personality.","Ask the opening buyer question with curiosity, then offer the named scent or brand answer helpfully. Friendly, easygoing and lighthearted. Smile gently on the opening question and welcome the listener into the discovery CTA.","Animate this supplied start frame as one continuous photorealistic portrait 9:16 perfume-commercial shot. Match the first frame exactly: same Filipino adult hands, clothing, jewelry, set, props, warm saturated sunlight and natural skin texture. Push the camera in only 3 cm, then stop on the exact product name. Keep the entire black cap and glass base inside the frame and fingers below the lettering.
Camera: Restrained smooth movement only; preserve the supplied viewing angle and full product. Do not zoom out or tilt upward.
Product lock: MOJITO METALLIQUE; white label; golden-yellow liquid. Preserve the label lettering, PARFUM LONDON signature, small 50 ml cylindrical proportions, thick clear base and fitted black cylindrical cap. Keep the cap seated throughout.
No faces or partial faces, necks, chins, people in reflections, new actors, extra fingers, new props, duplicate bottles, label changes, product morphing or liquid-color changes. No cuts within this generated clip. No added captions, promotional lettering, graphic overlays or watermark.

VOICE IDENTITY
Off-screen female narrator: a Filipina woman around 28 years old, with a warm, clear, conversational mid-range voice and smooth natural resonance. She sounds friendly, confident, curious and lightly playful, like a thoughtful friend helping someone choose a personal fragrance. Speak natural conversational Taglish with fluid Tagalog-English code-switching and a natural Filipina accent. Follow the exact supplied Taglish script; do not translate it into all-English or formal Tagalog. Keep scent names and website button labels unchanged. Keep a subtle smile in the voice, crisp diction, gently varied intonation and relaxed conversational pacing. Emphasize product names and key offer conditions clearly. Preserve the same age, accent, pitch range and vocal texture across every shot. Narration is off-screen; do not introduce a talking person or visible mouth. No shouting, forced whispering, exaggerated accent, celebrity imitation or robotic sales cadence.
VOICE TONE FOR THIS SCENT / STORY
Ask the opening buyer question with curiosity, then offer the named scent or brand answer helpfully. Friendly, easygoing and lighthearted. Smile gently on the opening question and welcome the listener into the discovery CTA.
AUDIO DIRECTION
Generate the following off-screen narration in this clip. Begin promptly and complete the spoken line naturally within the first 6 seconds, then leave quiet ambience for the remaining generation. Keep room tone and prop foley low under the voice; no music or other voices. No visible speaker or lip sync. Use the same selected voice preset/reference as the other clips when the selected Flow model supports it. Exact-font text is added later in the editor; do not generate subtitles.
EXACT VOICEOVER — speak only these words, once:
“Para sa friendly, easygoing, at lighthearted na personality.”","","FRIENDLY · EASYGOING · LIGHTHEARTED","Animate this supplied start frame as one continuous photorealistic portrait 9:16 perfume-commercial shot. Match the first frame exactly: same Filipino adult hands, clothing, jewelry, set, props, warm saturated sunlight and natural skin texture. Push the camera in only 3 cm, then stop on the exact product name. Keep the entire black cap and glass base inside the frame and fingers below the lettering.
Camera: Restrained smooth movement only; preserve the supplied viewing angle and full product. Do not zoom out or tilt upward.
Product lock: MOJITO METALLIQUE; white label; golden-yellow liquid. Preserve the label lettering, PARFUM LONDON signature, small 50 ml cylindrical proportions, thick clear base and fitted black cylindrical cap. Keep the cap seated throughout.
No faces or partial faces, necks, chins, people in reflections, new actors, extra fingers, new props, duplicate bottles, label changes, product morphing or liquid-color changes. No cuts within this generated clip. No added captions, promotional lettering, graphic overlays or watermark.
Audio: subtle scene-appropriate room/outdoor ambience and gentle prop foley only; no generated speech or music. Voiceover and exact brand-font text will be added separately in the edit.","","Generate 6 seconds, then trim to 6 seconds in the edit."
"11","personality","Mojito Metallique","THE EASYGOING SPIRIT.","4","16–21","5","6","11-personality-mojito-metallique/frames/04-start.png","11-personality-mojito-metallique/overlays/04-copy.png","","May magnetic cap na nagki-click. Puwedeng i-collect at i-display.","Ask the opening buyer question with curiosity, then offer the named scent or brand answer helpfully. Friendly, easygoing and lighthearted. Smile gently on the opening question and welcome the listener into the discovery CTA.","Animate this supplied start frame as one continuous photorealistic portrait 9:16 perfume-commercial shot. Match the first frame exactly: same Filipino adult hands, clothing, jewelry, set, props, warm saturated sunlight and natural skin texture. Hold the wider hero arrangement as supplied, with the full bottle intact. Keep the quiet top area clear of all moving objects.
Camera: Restrained smooth movement only; preserve the supplied viewing angle and full product. Do not zoom out or tilt upward.
Product lock: MOJITO METALLIQUE; white label; golden-yellow liquid. Preserve the label lettering, PARFUM LONDON signature, small 50 ml cylindrical proportions, thick clear base and fitted black cylindrical cap. Keep the cap seated throughout.
No faces or partial faces, necks, chins, people in reflections, new actors, extra fingers, new props, duplicate bottles, label changes, product morphing or liquid-color changes. No cuts within this generated clip. No added captions, promotional lettering, graphic overlays or watermark.

VOICE IDENTITY
Off-screen female narrator: a Filipina woman around 28 years old, with a warm, clear, conversational mid-range voice and smooth natural resonance. She sounds friendly, confident, curious and lightly playful, like a thoughtful friend helping someone choose a personal fragrance. Speak natural conversational Taglish with fluid Tagalog-English code-switching and a natural Filipina accent. Follow the exact supplied Taglish script; do not translate it into all-English or formal Tagalog. Keep scent names and website button labels unchanged. Keep a subtle smile in the voice, crisp diction, gently varied intonation and relaxed conversational pacing. Emphasize product names and key offer conditions clearly. Preserve the same age, accent, pitch range and vocal texture across every shot. Narration is off-screen; do not introduce a talking person or visible mouth. No shouting, forced whispering, exaggerated accent, celebrity imitation or robotic sales cadence.
VOICE TONE FOR THIS SCENT / STORY
Ask the opening buyer question with curiosity, then offer the named scent or brand answer helpfully. Friendly, easygoing and lighthearted. Smile gently on the opening question and welcome the listener into the discovery CTA.
AUDIO DIRECTION
Generate the following off-screen narration in this clip. Begin promptly and complete the spoken line naturally within the first 5 seconds, then leave quiet ambience for the remaining generation. Keep room tone and prop foley low under the voice; no music or other voices. No visible speaker or lip sync. Use the same selected voice preset/reference as the other clips when the selected Flow model supports it. Exact-font text is added later in the editor; do not generate subtitles.
EXACT VOICEOVER — speak only these words, once:
“May magnetic cap na nagki-click. Puwedeng i-collect at i-display.”","","MAGNETIC CAP / COLLECT & DISPLAY","Animate this supplied start frame as one continuous photorealistic portrait 9:16 perfume-commercial shot. Match the first frame exactly: same Filipino adult hands, clothing, jewelry, set, props, warm saturated sunlight and natural skin texture. Hold the wider hero arrangement as supplied, with the full bottle intact. Keep the quiet top area clear of all moving objects.
Camera: Restrained smooth movement only; preserve the supplied viewing angle and full product. Do not zoom out or tilt upward.
Product lock: MOJITO METALLIQUE; white label; golden-yellow liquid. Preserve the label lettering, PARFUM LONDON signature, small 50 ml cylindrical proportions, thick clear base and fitted black cylindrical cap. Keep the cap seated throughout.
No faces or partial faces, necks, chins, people in reflections, new actors, extra fingers, new props, duplicate bottles, label changes, product morphing or liquid-color changes. No cuts within this generated clip. No added captions, promotional lettering, graphic overlays or watermark.
Audio: subtle scene-appropriate room/outdoor ambience and gentle prop foley only; no generated speech or music. Voiceover and exact brand-font text will be added separately in the edit.","","Generate 6 seconds, then trim to 5 seconds in the edit."
"11","personality","Mojito Metallique","THE EASYGOING SPIRIT.","5","21–27","6","6","11-personality-mojito-metallique/frames/05-start.png","11-personality-mojito-metallique/overlays/05-copy.png","","Free shipping sa two items or more. May COD din. Find your scent.","Ask the opening buyer question with curiosity, then offer the named scent or brand answer helpfully. Friendly, easygoing and lighthearted. Smile gently on the opening question and welcome the listener into the discovery CTA.","Animate this supplied start frame as one continuous photorealistic portrait 9:16 perfume-commercial shot. Match the first frame exactly: same Filipino adult hands, clothing, jewelry, set, props, warm saturated sunlight and natural skin texture. Hold the hero arrangement. The final three seconds are entirely still, with no upward camera movement.
Camera: Locked composition; final three seconds fully still.
Product lock: MOJITO METALLIQUE; white label; golden-yellow liquid. Preserve the label lettering, PARFUM LONDON signature, small 50 ml cylindrical proportions, thick clear base and fitted black cylindrical cap. Keep the cap seated throughout.
No faces or partial faces, necks, chins, people in reflections, new actors, extra fingers, new props, duplicate bottles, label changes, product morphing or liquid-color changes. No cuts within this generated clip. No added captions, promotional lettering, graphic overlays or watermark.

VOICE IDENTITY
Off-screen female narrator: a Filipina woman around 28 years old, with a warm, clear, conversational mid-range voice and smooth natural resonance. She sounds friendly, confident, curious and lightly playful, like a thoughtful friend helping someone choose a personal fragrance. Speak natural conversational Taglish with fluid Tagalog-English code-switching and a natural Filipina accent. Follow the exact supplied Taglish script; do not translate it into all-English or formal Tagalog. Keep scent names and website button labels unchanged. Keep a subtle smile in the voice, crisp diction, gently varied intonation and relaxed conversational pacing. Emphasize product names and key offer conditions clearly. Preserve the same age, accent, pitch range and vocal texture across every shot. Narration is off-screen; do not introduce a talking person or visible mouth. No shouting, forced whispering, exaggerated accent, celebrity imitation or robotic sales cadence.
VOICE TONE FOR THIS SCENT / STORY
Ask the opening buyer question with curiosity, then offer the named scent or brand answer helpfully. Friendly, easygoing and lighthearted. Smile gently on the opening question and welcome the listener into the discovery CTA.
AUDIO DIRECTION
Generate the following off-screen narration in this clip. Begin promptly and complete the spoken line naturally within the first 6 seconds, then leave quiet ambience for the remaining generation. Keep room tone and prop foley low under the voice; no music or other voices. No visible speaker or lip sync. Use the same selected voice preset/reference as the other clips when the selected Flow model supports it. Exact-font text is added later in the editor; do not generate subtitles.
EXACT VOICEOVER — speak only these words, once:
“Free shipping sa two items or more. May COD din. Find your scent.”","","FIND YOUR SCENT / FREE SHIPPING ON 2+ ITEMS / CASH ON DELIVERY","Animate this supplied start frame as one continuous photorealistic portrait 9:16 perfume-commercial shot. Match the first frame exactly: same Filipino adult hands, clothing, jewelry, set, props, warm saturated sunlight and natural skin texture. Hold the hero arrangement. The final three seconds are entirely still, with no upward camera movement.
Camera: Locked composition; final three seconds fully still.
Product lock: MOJITO METALLIQUE; white label; golden-yellow liquid. Preserve the label lettering, PARFUM LONDON signature, small 50 ml cylindrical proportions, thick clear base and fitted black cylindrical cap. Keep the cap seated throughout.
No faces or partial faces, necks, chins, people in reflections, new actors, extra fingers, new props, duplicate bottles, label changes, product morphing or liquid-color changes. No cuts within this generated clip. No added captions, promotional lettering, graphic overlays or watermark.
Audio: subtle scene-appropriate room/outdoor ambience and gentle prop foley only; no generated speech or music. Voiceover and exact brand-font text will be added separately in the edit.","","Generate 6 seconds, then trim to 6 seconds in the edit."
"12","personality","Amber Oud Silk","BOLD, WITH A WARM SIDE.","1","00–04","4","4","12-personality-amber-oud-silk/frames/01-start.png","12-personality-amber-oud-silk/overlays/01-copy.png","","Naghahanap ng warm scent na may spice at smoke?","Ask the opening buyer question with curiosity, then offer the named scent or brand answer helpfully. Bold, warm and self-assured. Open confidently, then soften into an inviting discovery question.","Animate this supplied start frame as one continuous photorealistic portrait 9:16 perfume-commercial shot. Match the first frame exactly: same Filipino adult hands, clothing, jewelry, set, props, warm saturated sunlight and natural skin texture. The free hand straightens the orange scarf knot once while the bottle hand brings the upright perfume forward by 2 cm. Keep the red blazer and woven clutch unchanged.
Camera: Restrained smooth movement only; preserve the supplied viewing angle and full product. Do not zoom out or tilt upward.
Product lock: AMBER OUD SILK; white label; pale peach liquid. Preserve the label lettering, PARFUM LONDON signature, small 50 ml cylindrical proportions, thick clear base and fitted black cylindrical cap. Keep the cap seated throughout.
No faces or partial faces, necks, chins, people in reflections, new actors, extra fingers, new props, duplicate bottles, label changes, product morphing or liquid-color changes. No cuts within this generated clip. No added captions, promotional lettering, graphic overlays or watermark.

VOICE IDENTITY
Off-screen female narrator: a Filipina woman around 28 years old, with a warm, clear, conversational mid-range voice and smooth natural resonance. She sounds friendly, confident, curious and lightly playful, like a thoughtful friend helping someone choose a personal fragrance. Speak natural conversational Taglish with fluid Tagalog-English code-switching and a natural Filipina accent. Follow the exact supplied Taglish script; do not translate it into all-English or formal Tagalog. Keep scent names and website button labels unchanged. Keep a subtle smile in the voice, crisp diction, gently varied intonation and relaxed conversational pacing. Emphasize product names and key offer conditions clearly. Preserve the same age, accent, pitch range and vocal texture across every shot. Narration is off-screen; do not introduce a talking person or visible mouth. No shouting, forced whispering, exaggerated accent, celebrity imitation or robotic sales cadence.
VOICE TONE FOR THIS SCENT / STORY
Ask the opening buyer question with curiosity, then offer the named scent or brand answer helpfully. Bold, warm and self-assured. Open confidently, then soften into an inviting discovery question.
AUDIO DIRECTION
Generate the following off-screen narration in this clip. Begin promptly and complete the spoken line naturally within the first 4 seconds, then leave quiet ambience for the remaining generation. Keep room tone and prop foley low under the voice; no music or other voices. No visible speaker or lip sync. Use the same selected voice preset/reference as the other clips when the selected Flow model supports it. Exact-font text is added later in the editor; do not generate subtitles.
EXACT VOICEOVER — speak only these words, once:
“Naghahanap ng warm scent na may spice at smoke?”","","WARM SCENT? / SPICE & SMOKE","Animate this supplied start frame as one continuous photorealistic portrait 9:16 perfume-commercial shot. Match the first frame exactly: same Filipino adult hands, clothing, jewelry, set, props, warm saturated sunlight and natural skin texture. The free hand straightens the orange scarf knot once while the bottle hand brings the upright perfume forward by 2 cm. Keep the red blazer and woven clutch unchanged.
Camera: Restrained smooth movement only; preserve the supplied viewing angle and full product. Do not zoom out or tilt upward.
Product lock: AMBER OUD SILK; white label; pale peach liquid. Preserve the label lettering, PARFUM LONDON signature, small 50 ml cylindrical proportions, thick clear base and fitted black cylindrical cap. Keep the cap seated throughout.
No faces or partial faces, necks, chins, people in reflections, new actors, extra fingers, new props, duplicate bottles, label changes, product morphing or liquid-color changes. No cuts within this generated clip. No added captions, promotional lettering, graphic overlays or watermark.
Audio: subtle scene-appropriate room/outdoor ambience and gentle prop foley only; no generated speech or music. Voiceover and exact brand-font text will be added separately in the edit.","","Generate 4 seconds, then trim to 4 seconds in the edit."
"12","personality","Amber Oud Silk","BOLD, WITH A WARM SIDE.","2","04–10","6","6","12-personality-amber-oud-silk/frames/02-start.png","12-personality-amber-oud-silk/overlays/02-copy.png","","Try Amber Oud Silk. Dark spice at smoke, may warm, addictive edge.","Ask the opening buyer question with curiosity, then offer the named scent or brand answer helpfully. Bold, warm and self-assured. Open confidently, then soften into an inviting discovery question.","Animate this supplied start frame as one continuous photorealistic portrait 9:16 perfume-commercial shot. Match the first frame exactly: same Filipino adult hands, clothing, jewelry, set, props, warm saturated sunlight and natural skin texture. Hold the complete bottle steady. The free hand makes one tiny natural adjustment to the existing nearby prop, then rests; do not add or move props across the label.
Camera: Restrained smooth movement only; preserve the supplied viewing angle and full product. Do not zoom out or tilt upward.
Product lock: AMBER OUD SILK; white label; pale peach liquid. Preserve the label lettering, PARFUM LONDON signature, small 50 ml cylindrical proportions, thick clear base and fitted black cylindrical cap. Keep the cap seated throughout.
No faces or partial faces, necks, chins, people in reflections, new actors, extra fingers, new props, duplicate bottles, label changes, product morphing or liquid-color changes. No cuts within this generated clip. No added captions, promotional lettering, graphic overlays or watermark.

VOICE IDENTITY
Off-screen female narrator: a Filipina woman around 28 years old, with a warm, clear, conversational mid-range voice and smooth natural resonance. She sounds friendly, confident, curious and lightly playful, like a thoughtful friend helping someone choose a personal fragrance. Speak natural conversational Taglish with fluid Tagalog-English code-switching and a natural Filipina accent. Follow the exact supplied Taglish script; do not translate it into all-English or formal Tagalog. Keep scent names and website button labels unchanged. Keep a subtle smile in the voice, crisp diction, gently varied intonation and relaxed conversational pacing. Emphasize product names and key offer conditions clearly. Preserve the same age, accent, pitch range and vocal texture across every shot. Narration is off-screen; do not introduce a talking person or visible mouth. No shouting, forced whispering, exaggerated accent, celebrity imitation or robotic sales cadence.
VOICE TONE FOR THIS SCENT / STORY
Ask the opening buyer question with curiosity, then offer the named scent or brand answer helpfully. Bold, warm and self-assured. Open confidently, then soften into an inviting discovery question.
AUDIO DIRECTION
Generate the following off-screen narration in this clip. Begin promptly and complete the spoken line naturally within the first 6 seconds, then leave quiet ambience for the remaining generation. Keep room tone and prop foley low under the voice; no music or other voices. No visible speaker or lip sync. Use the same selected voice preset/reference as the other clips when the selected Flow model supports it. Exact-font text is added later in the editor; do not generate subtitles.
EXACT VOICEOVER — speak only these words, once:
“Try Amber Oud Silk. Dark spice at smoke, may warm, addictive edge.”","","AMBER OUD SILK / DARK SPICE · SMOKE · WARMTH","Animate this supplied start frame as one continuous photorealistic portrait 9:16 perfume-commercial shot. Match the first frame exactly: same Filipino adult hands, clothing, jewelry, set, props, warm saturated sunlight and natural skin texture. Hold the complete bottle steady. The free hand makes one tiny natural adjustment to the existing nearby prop, then rests; do not add or move props across the label.
Camera: Restrained smooth movement only; preserve the supplied viewing angle and full product. Do not zoom out or tilt upward.
Product lock: AMBER OUD SILK; white label; pale peach liquid. Preserve the label lettering, PARFUM LONDON signature, small 50 ml cylindrical proportions, thick clear base and fitted black cylindrical cap. Keep the cap seated throughout.
No faces or partial faces, necks, chins, people in reflections, new actors, extra fingers, new props, duplicate bottles, label changes, product morphing or liquid-color changes. No cuts within this generated clip. No added captions, promotional lettering, graphic overlays or watermark.
Audio: subtle scene-appropriate room/outdoor ambience and gentle prop foley only; no generated speech or music. Voiceover and exact brand-font text will be added separately in the edit.","","Generate 6 seconds, then trim to 6 seconds in the edit."
"12","personality","Amber Oud Silk","BOLD, WITH A WARM SIDE.","3","10–16","6","6","12-personality-amber-oud-silk/frames/03-start.png","12-personality-amber-oud-silk/overlays/03-copy.png","","Para sa bold, warm, at self-assured na personality.","Ask the opening buyer question with curiosity, then offer the named scent or brand answer helpfully. Bold, warm and self-assured. Open confidently, then soften into an inviting discovery question.","Animate this supplied start frame as one continuous photorealistic portrait 9:16 perfume-commercial shot. Match the first frame exactly: same Filipino adult hands, clothing, jewelry, set, props, warm saturated sunlight and natural skin texture. Push the camera in only 3 cm, then stop on the exact product name. Keep the entire black cap and glass base inside the frame and fingers below the lettering.
Camera: Restrained smooth movement only; preserve the supplied viewing angle and full product. Do not zoom out or tilt upward.
Product lock: AMBER OUD SILK; white label; pale peach liquid. Preserve the label lettering, PARFUM LONDON signature, small 50 ml cylindrical proportions, thick clear base and fitted black cylindrical cap. Keep the cap seated throughout.
No faces or partial faces, necks, chins, people in reflections, new actors, extra fingers, new props, duplicate bottles, label changes, product morphing or liquid-color changes. No cuts within this generated clip. No added captions, promotional lettering, graphic overlays or watermark.

VOICE IDENTITY
Off-screen female narrator: a Filipina woman around 28 years old, with a warm, clear, conversational mid-range voice and smooth natural resonance. She sounds friendly, confident, curious and lightly playful, like a thoughtful friend helping someone choose a personal fragrance. Speak natural conversational Taglish with fluid Tagalog-English code-switching and a natural Filipina accent. Follow the exact supplied Taglish script; do not translate it into all-English or formal Tagalog. Keep scent names and website button labels unchanged. Keep a subtle smile in the voice, crisp diction, gently varied intonation and relaxed conversational pacing. Emphasize product names and key offer conditions clearly. Preserve the same age, accent, pitch range and vocal texture across every shot. Narration is off-screen; do not introduce a talking person or visible mouth. No shouting, forced whispering, exaggerated accent, celebrity imitation or robotic sales cadence.
VOICE TONE FOR THIS SCENT / STORY
Ask the opening buyer question with curiosity, then offer the named scent or brand answer helpfully. Bold, warm and self-assured. Open confidently, then soften into an inviting discovery question.
AUDIO DIRECTION
Generate the following off-screen narration in this clip. Begin promptly and complete the spoken line naturally within the first 6 seconds, then leave quiet ambience for the remaining generation. Keep room tone and prop foley low under the voice; no music or other voices. No visible speaker or lip sync. Use the same selected voice preset/reference as the other clips when the selected Flow model supports it. Exact-font text is added later in the editor; do not generate subtitles.
EXACT VOICEOVER — speak only these words, once:
“Para sa bold, warm, at self-assured na personality.”","","BOLD · WARM · SELF-ASSURED","Animate this supplied start frame as one continuous photorealistic portrait 9:16 perfume-commercial shot. Match the first frame exactly: same Filipino adult hands, clothing, jewelry, set, props, warm saturated sunlight and natural skin texture. Push the camera in only 3 cm, then stop on the exact product name. Keep the entire black cap and glass base inside the frame and fingers below the lettering.
Camera: Restrained smooth movement only; preserve the supplied viewing angle and full product. Do not zoom out or tilt upward.
Product lock: AMBER OUD SILK; white label; pale peach liquid. Preserve the label lettering, PARFUM LONDON signature, small 50 ml cylindrical proportions, thick clear base and fitted black cylindrical cap. Keep the cap seated throughout.
No faces or partial faces, necks, chins, people in reflections, new actors, extra fingers, new props, duplicate bottles, label changes, product morphing or liquid-color changes. No cuts within this generated clip. No added captions, promotional lettering, graphic overlays or watermark.
Audio: subtle scene-appropriate room/outdoor ambience and gentle prop foley only; no generated speech or music. Voiceover and exact brand-font text will be added separately in the edit.","","Generate 6 seconds, then trim to 6 seconds in the edit."
"12","personality","Amber Oud Silk","BOLD, WITH A WARM SIDE.","4","16–21","5","6","12-personality-amber-oud-silk/frames/04-start.png","12-personality-amber-oud-silk/overlays/04-copy.png","","May magnetic cap na nagki-click. Puwedeng i-collect at i-display.","Ask the opening buyer question with curiosity, then offer the named scent or brand answer helpfully. Bold, warm and self-assured. Open confidently, then soften into an inviting discovery question.","Animate this supplied start frame as one continuous photorealistic portrait 9:16 perfume-commercial shot. Match the first frame exactly: same Filipino adult hands, clothing, jewelry, set, props, warm saturated sunlight and natural skin texture. Hold the wider hero arrangement as supplied, with the full bottle intact. Keep the quiet top area clear of all moving objects.
Camera: Restrained smooth movement only; preserve the supplied viewing angle and full product. Do not zoom out or tilt upward.
Product lock: AMBER OUD SILK; white label; pale peach liquid. Preserve the label lettering, PARFUM LONDON signature, small 50 ml cylindrical proportions, thick clear base and fitted black cylindrical cap. Keep the cap seated throughout.
No faces or partial faces, necks, chins, people in reflections, new actors, extra fingers, new props, duplicate bottles, label changes, product morphing or liquid-color changes. No cuts within this generated clip. No added captions, promotional lettering, graphic overlays or watermark.

VOICE IDENTITY
Off-screen female narrator: a Filipina woman around 28 years old, with a warm, clear, conversational mid-range voice and smooth natural resonance. She sounds friendly, confident, curious and lightly playful, like a thoughtful friend helping someone choose a personal fragrance. Speak natural conversational Taglish with fluid Tagalog-English code-switching and a natural Filipina accent. Follow the exact supplied Taglish script; do not translate it into all-English or formal Tagalog. Keep scent names and website button labels unchanged. Keep a subtle smile in the voice, crisp diction, gently varied intonation and relaxed conversational pacing. Emphasize product names and key offer conditions clearly. Preserve the same age, accent, pitch range and vocal texture across every shot. Narration is off-screen; do not introduce a talking person or visible mouth. No shouting, forced whispering, exaggerated accent, celebrity imitation or robotic sales cadence.
VOICE TONE FOR THIS SCENT / STORY
Ask the opening buyer question with curiosity, then offer the named scent or brand answer helpfully. Bold, warm and self-assured. Open confidently, then soften into an inviting discovery question.
AUDIO DIRECTION
Generate the following off-screen narration in this clip. Begin promptly and complete the spoken line naturally within the first 5 seconds, then leave quiet ambience for the remaining generation. Keep room tone and prop foley low under the voice; no music or other voices. No visible speaker or lip sync. Use the same selected voice preset/reference as the other clips when the selected Flow model supports it. Exact-font text is added later in the editor; do not generate subtitles.
EXACT VOICEOVER — speak only these words, once:
“May magnetic cap na nagki-click. Puwedeng i-collect at i-display.”","","MAGNETIC CAP / COLLECT & DISPLAY","Animate this supplied start frame as one continuous photorealistic portrait 9:16 perfume-commercial shot. Match the first frame exactly: same Filipino adult hands, clothing, jewelry, set, props, warm saturated sunlight and natural skin texture. Hold the wider hero arrangement as supplied, with the full bottle intact. Keep the quiet top area clear of all moving objects.
Camera: Restrained smooth movement only; preserve the supplied viewing angle and full product. Do not zoom out or tilt upward.
Product lock: AMBER OUD SILK; white label; pale peach liquid. Preserve the label lettering, PARFUM LONDON signature, small 50 ml cylindrical proportions, thick clear base and fitted black cylindrical cap. Keep the cap seated throughout.
No faces or partial faces, necks, chins, people in reflections, new actors, extra fingers, new props, duplicate bottles, label changes, product morphing or liquid-color changes. No cuts within this generated clip. No added captions, promotional lettering, graphic overlays or watermark.
Audio: subtle scene-appropriate room/outdoor ambience and gentle prop foley only; no generated speech or music. Voiceover and exact brand-font text will be added separately in the edit.","","Generate 6 seconds, then trim to 5 seconds in the edit."
"12","personality","Amber Oud Silk","BOLD, WITH A WARM SIDE.","5","21–27","6","6","12-personality-amber-oud-silk/frames/05-start.png","12-personality-amber-oud-silk/overlays/05-copy.png","","Free shipping sa two items or more. May COD din. Find your scent.","Ask the opening buyer question with curiosity, then offer the named scent or brand answer helpfully. Bold, warm and self-assured. Open confidently, then soften into an inviting discovery question.","Animate this supplied start frame as one continuous photorealistic portrait 9:16 perfume-commercial shot. Match the first frame exactly: same Filipino adult hands, clothing, jewelry, set, props, warm saturated sunlight and natural skin texture. Hold the hero arrangement. The final three seconds are entirely still, with no upward camera movement.
Camera: Locked composition; final three seconds fully still.
Product lock: AMBER OUD SILK; white label; pale peach liquid. Preserve the label lettering, PARFUM LONDON signature, small 50 ml cylindrical proportions, thick clear base and fitted black cylindrical cap. Keep the cap seated throughout.
No faces or partial faces, necks, chins, people in reflections, new actors, extra fingers, new props, duplicate bottles, label changes, product morphing or liquid-color changes. No cuts within this generated clip. No added captions, promotional lettering, graphic overlays or watermark.

VOICE IDENTITY
Off-screen female narrator: a Filipina woman around 28 years old, with a warm, clear, conversational mid-range voice and smooth natural resonance. She sounds friendly, confident, curious and lightly playful, like a thoughtful friend helping someone choose a personal fragrance. Speak natural conversational Taglish with fluid Tagalog-English code-switching and a natural Filipina accent. Follow the exact supplied Taglish script; do not translate it into all-English or formal Tagalog. Keep scent names and website button labels unchanged. Keep a subtle smile in the voice, crisp diction, gently varied intonation and relaxed conversational pacing. Emphasize product names and key offer conditions clearly. Preserve the same age, accent, pitch range and vocal texture across every shot. Narration is off-screen; do not introduce a talking person or visible mouth. No shouting, forced whispering, exaggerated accent, celebrity imitation or robotic sales cadence.
VOICE TONE FOR THIS SCENT / STORY
Ask the opening buyer question with curiosity, then offer the named scent or brand answer helpfully. Bold, warm and self-assured. Open confidently, then soften into an inviting discovery question.
AUDIO DIRECTION
Generate the following off-screen narration in this clip. Begin promptly and complete the spoken line naturally within the first 6 seconds, then leave quiet ambience for the remaining generation. Keep room tone and prop foley low under the voice; no music or other voices. No visible speaker or lip sync. Use the same selected voice preset/reference as the other clips when the selected Flow model supports it. Exact-font text is added later in the editor; do not generate subtitles.
EXACT VOICEOVER — speak only these words, once:
“Free shipping sa two items or more. May COD din. Find your scent.”","","FIND YOUR SCENT / FREE SHIPPING ON 2+ ITEMS / CASH ON DELIVERY","Animate this supplied start frame as one continuous photorealistic portrait 9:16 perfume-commercial shot. Match the first frame exactly: same Filipino adult hands, clothing, jewelry, set, props, warm saturated sunlight and natural skin texture. Hold the hero arrangement. The final three seconds are entirely still, with no upward camera movement.
Camera: Locked composition; final three seconds fully still.
Product lock: AMBER OUD SILK; white label; pale peach liquid. Preserve the label lettering, PARFUM LONDON signature, small 50 ml cylindrical proportions, thick clear base and fitted black cylindrical cap. Keep the cap seated throughout.
No faces or partial faces, necks, chins, people in reflections, new actors, extra fingers, new props, duplicate bottles, label changes, product morphing or liquid-color changes. No cuts within this generated clip. No added captions, promotional lettering, graphic overlays or watermark.
Audio: subtle scene-appropriate room/outdoor ambience and gentle prop foley only; no generated speech or music. Voiceover and exact brand-font text will be added separately in the edit.","","Generate 6 seconds, then trim to 6 seconds in the edit."
"13","personality","Mistened Narcissus","A LITTLE JOY. A LOT OF PLAY.","1","00–04","4","4","13-personality-mistened-narcissus/frames/01-start.png","13-personality-mistened-narcissus/overlays/01-copy.png","","Hirap pumili ng fruity scent na may sweet finish?","Ask the opening buyer question with curiosity, then offer the named scent or brand answer helpfully. Cheerful, playful and openhearted. Keep the opening lively and the CTA friendly.","Animate this supplied start frame as one continuous photorealistic portrait 9:16 perfume-commercial shot. Match the first frame exactly: same Filipino adult hands, clothing, jewelry, set, props, warm saturated sunlight and natural skin texture. The free fingertip presses one coral cassette-player button once, then relaxes. The other hand settles the complete label-forward bottle.
Camera: Restrained smooth movement only; preserve the supplied viewing angle and full product. Do not zoom out or tilt upward.
Product lock: MISTENED NARCISSUS; white label; nearly clear liquid. Preserve the label lettering, PARFUM LONDON signature, small 50 ml cylindrical proportions, thick clear base and fitted black cylindrical cap. Keep the cap seated throughout.
No faces or partial faces, necks, chins, people in reflections, new actors, extra fingers, new props, duplicate bottles, label changes, product morphing or liquid-color changes. No cuts within this generated clip. No added captions, promotional lettering, graphic overlays or watermark.

VOICE IDENTITY
Off-screen female narrator: a Filipina woman around 28 years old, with a warm, clear, conversational mid-range voice and smooth natural resonance. She sounds friendly, confident, curious and lightly playful, like a thoughtful friend helping someone choose a personal fragrance. Speak natural conversational Taglish with fluid Tagalog-English code-switching and a natural Filipina accent. Follow the exact supplied Taglish script; do not translate it into all-English or formal Tagalog. Keep scent names and website button labels unchanged. Keep a subtle smile in the voice, crisp diction, gently varied intonation and relaxed conversational pacing. Emphasize product names and key offer conditions clearly. Preserve the same age, accent, pitch range and vocal texture across every shot. Narration is off-screen; do not introduce a talking person or visible mouth. No shouting, forced whispering, exaggerated accent, celebrity imitation or robotic sales cadence.
VOICE TONE FOR THIS SCENT / STORY
Ask the opening buyer question with curiosity, then offer the named scent or brand answer helpfully. Cheerful, playful and openhearted. Keep the opening lively and the CTA friendly.
AUDIO DIRECTION
Generate the following off-screen narration in this clip. Begin promptly and complete the spoken line naturally within the first 4 seconds, then leave quiet ambience for the remaining generation. Keep room tone and prop foley low under the voice; no music or other voices. No visible speaker or lip sync. Use the same selected voice preset/reference as the other clips when the selected Flow model supports it. Exact-font text is added later in the editor; do not generate subtitles.
EXACT VOICEOVER — speak only these words, once:
“Hirap pumili ng fruity scent na may sweet finish?”","","FRUITY SCENT? / SWEET FINISH","Animate this supplied start frame as one continuous photorealistic portrait 9:16 perfume-commercial shot. Match the first frame exactly: same Filipino adult hands, clothing, jewelry, set, props, warm saturated sunlight and natural skin texture. The free fingertip presses one coral cassette-player button once, then relaxes. The other hand settles the complete label-forward bottle.
Camera: Restrained smooth movement only; preserve the supplied viewing angle and full product. Do not zoom out or tilt upward.
Product lock: MISTENED NARCISSUS; white label; nearly clear liquid. Preserve the label lettering, PARFUM LONDON signature, small 50 ml cylindrical proportions, thick clear base and fitted black cylindrical cap. Keep the cap seated throughout.
No faces or partial faces, necks, chins, people in reflections, new actors, extra fingers, new props, duplicate bottles, label changes, product morphing or liquid-color changes. No cuts within this generated clip. No added captions, promotional lettering, graphic overlays or watermark.
Audio: subtle scene-appropriate room/outdoor ambience and gentle prop foley only; no generated speech or music. Voiceover and exact brand-font text will be added separately in the edit.","","Generate 4 seconds, then trim to 4 seconds in the edit."
"13","personality","Mistened Narcissus","A LITTLE JOY. A LOT OF PLAY.","2","04–10","6","6","13-personality-mistened-narcissus/frames/02-start.png","13-personality-mistened-narcissus/overlays/02-copy.png","","Try Mistened Narcissus. Juicy berries na may smooth at sweet na finish.","Ask the opening buyer question with curiosity, then offer the named scent or brand answer helpfully. Cheerful, playful and openhearted. Keep the opening lively and the CTA friendly.","Animate this supplied start frame as one continuous photorealistic portrait 9:16 perfume-commercial shot. Match the first frame exactly: same Filipino adult hands, clothing, jewelry, set, props, warm saturated sunlight and natural skin texture. Hold the complete bottle steady. The free hand makes one tiny natural adjustment to the existing nearby prop, then rests; do not add or move props across the label.
Camera: Restrained smooth movement only; preserve the supplied viewing angle and full product. Do not zoom out or tilt upward.
Product lock: MISTENED NARCISSUS; white label; nearly clear liquid. Preserve the label lettering, PARFUM LONDON signature, small 50 ml cylindrical proportions, thick clear base and fitted black cylindrical cap. Keep the cap seated throughout.
No faces or partial faces, necks, chins, people in reflections, new actors, extra fingers, new props, duplicate bottles, label changes, product morphing or liquid-color changes. No cuts within this generated clip. No added captions, promotional lettering, graphic overlays or watermark.

VOICE IDENTITY
Off-screen female narrator: a Filipina woman around 28 years old, with a warm, clear, conversational mid-range voice and smooth natural resonance. She sounds friendly, confident, curious and lightly playful, like a thoughtful friend helping someone choose a personal fragrance. Speak natural conversational Taglish with fluid Tagalog-English code-switching and a natural Filipina accent. Follow the exact supplied Taglish script; do not translate it into all-English or formal Tagalog. Keep scent names and website button labels unchanged. Keep a subtle smile in the voice, crisp diction, gently varied intonation and relaxed conversational pacing. Emphasize product names and key offer conditions clearly. Preserve the same age, accent, pitch range and vocal texture across every shot. Narration is off-screen; do not introduce a talking person or visible mouth. No shouting, forced whispering, exaggerated accent, celebrity imitation or robotic sales cadence.
VOICE TONE FOR THIS SCENT / STORY
Ask the opening buyer question with curiosity, then offer the named scent or brand answer helpfully. Cheerful, playful and openhearted. Keep the opening lively and the CTA friendly.
AUDIO DIRECTION
Generate the following off-screen narration in this clip. Begin promptly and complete the spoken line naturally within the first 6 seconds, then leave quiet ambience for the remaining generation. Keep room tone and prop foley low under the voice; no music or other voices. No visible speaker or lip sync. Use the same selected voice preset/reference as the other clips when the selected Flow model supports it. Exact-font text is added later in the editor; do not generate subtitles.
EXACT VOICEOVER — speak only these words, once:
“Try Mistened Narcissus. Juicy berries na may smooth at sweet na finish.”","","MISTENED NARCISSUS / JUICY BERRIES · SWEET FINISH","Animate this supplied start frame as one continuous photorealistic portrait 9:16 perfume-commercial shot. Match the first frame exactly: same Filipino adult hands, clothing, jewelry, set, props, warm saturated sunlight and natural skin texture. Hold the complete bottle steady. The free hand makes one tiny natural adjustment to the existing nearby prop, then rests; do not add or move props across the label.
Camera: Restrained smooth movement only; preserve the supplied viewing angle and full product. Do not zoom out or tilt upward.
Product lock: MISTENED NARCISSUS; white label; nearly clear liquid. Preserve the label lettering, PARFUM LONDON signature, small 50 ml cylindrical proportions, thick clear base and fitted black cylindrical cap. Keep the cap seated throughout.
No faces or partial faces, necks, chins, people in reflections, new actors, extra fingers, new props, duplicate bottles, label changes, product morphing or liquid-color changes. No cuts within this generated clip. No added captions, promotional lettering, graphic overlays or watermark.
Audio: subtle scene-appropriate room/outdoor ambience and gentle prop foley only; no generated speech or music. Voiceover and exact brand-font text will be added separately in the edit.","","Generate 6 seconds, then trim to 6 seconds in the edit."
"13","personality","Mistened Narcissus","A LITTLE JOY. A LOT OF PLAY.","3","10–16","6","6","13-personality-mistened-narcissus/frames/03-start.png","13-personality-mistened-narcissus/overlays/03-copy.png","","Para sa cheerful, playful, at openhearted na personality.","Ask the opening buyer question with curiosity, then offer the named scent or brand answer helpfully. Cheerful, playful and openhearted. Keep the opening lively and the CTA friendly.","Animate this supplied start frame as one continuous photorealistic portrait 9:16 perfume-commercial shot. Match the first frame exactly: same Filipino adult hands, clothing, jewelry, set, props, warm saturated sunlight and natural skin texture. Push the camera in only 3 cm, then stop on the exact product name. Keep the entire black cap and glass base inside the frame and fingers below the lettering.
Camera: Restrained smooth movement only; preserve the supplied viewing angle and full product. Do not zoom out or tilt upward.
Product lock: MISTENED NARCISSUS; white label; nearly clear liquid. Preserve the label lettering, PARFUM LONDON signature, small 50 ml cylindrical proportions, thick clear base and fitted black cylindrical cap. Keep the cap seated throughout.
No faces or partial faces, necks, chins, people in reflections, new actors, extra fingers, new props, duplicate bottles, label changes, product morphing or liquid-color changes. No cuts within this generated clip. No added captions, promotional lettering, graphic overlays or watermark.

VOICE IDENTITY
Off-screen female narrator: a Filipina woman around 28 years old, with a warm, clear, conversational mid-range voice and smooth natural resonance. She sounds friendly, confident, curious and lightly playful, like a thoughtful friend helping someone choose a personal fragrance. Speak natural conversational Taglish with fluid Tagalog-English code-switching and a natural Filipina accent. Follow the exact supplied Taglish script; do not translate it into all-English or formal Tagalog. Keep scent names and website button labels unchanged. Keep a subtle smile in the voice, crisp diction, gently varied intonation and relaxed conversational pacing. Emphasize product names and key offer conditions clearly. Preserve the same age, accent, pitch range and vocal texture across every shot. Narration is off-screen; do not introduce a talking person or visible mouth. No shouting, forced whispering, exaggerated accent, celebrity imitation or robotic sales cadence.
VOICE TONE FOR THIS SCENT / STORY
Ask the opening buyer question with curiosity, then offer the named scent or brand answer helpfully. Cheerful, playful and openhearted. Keep the opening lively and the CTA friendly.
AUDIO DIRECTION
Generate the following off-screen narration in this clip. Begin promptly and complete the spoken line naturally within the first 6 seconds, then leave quiet ambience for the remaining generation. Keep room tone and prop foley low under the voice; no music or other voices. No visible speaker or lip sync. Use the same selected voice preset/reference as the other clips when the selected Flow model supports it. Exact-font text is added later in the editor; do not generate subtitles.
EXACT VOICEOVER — speak only these words, once:
“Para sa cheerful, playful, at openhearted na personality.”","","CHEERFUL · PLAYFUL · OPENHEARTED","Animate this supplied start frame as one continuous photorealistic portrait 9:16 perfume-commercial shot. Match the first frame exactly: same Filipino adult hands, clothing, jewelry, set, props, warm saturated sunlight and natural skin texture. Push the camera in only 3 cm, then stop on the exact product name. Keep the entire black cap and glass base inside the frame and fingers below the lettering.
Camera: Restrained smooth movement only; preserve the supplied viewing angle and full product. Do not zoom out or tilt upward.
Product lock: MISTENED NARCISSUS; white label; nearly clear liquid. Preserve the label lettering, PARFUM LONDON signature, small 50 ml cylindrical proportions, thick clear base and fitted black cylindrical cap. Keep the cap seated throughout.
No faces or partial faces, necks, chins, people in reflections, new actors, extra fingers, new props, duplicate bottles, label changes, product morphing or liquid-color changes. No cuts within this generated clip. No added captions, promotional lettering, graphic overlays or watermark.
Audio: subtle scene-appropriate room/outdoor ambience and gentle prop foley only; no generated speech or music. Voiceover and exact brand-font text will be added separately in the edit.","","Generate 6 seconds, then trim to 6 seconds in the edit."
"13","personality","Mistened Narcissus","A LITTLE JOY. A LOT OF PLAY.","4","16–21","5","6","13-personality-mistened-narcissus/frames/04-start.png","13-personality-mistened-narcissus/overlays/04-copy.png","","May magnetic cap na nagki-click. Puwedeng i-collect at i-display.","Ask the opening buyer question with curiosity, then offer the named scent or brand answer helpfully. Cheerful, playful and openhearted. Keep the opening lively and the CTA friendly.","Animate this supplied start frame as one continuous photorealistic portrait 9:16 perfume-commercial shot. Match the first frame exactly: same Filipino adult hands, clothing, jewelry, set, props, warm saturated sunlight and natural skin texture. Hold the wider hero arrangement as supplied, with the full bottle intact. Keep the quiet top area clear of all moving objects.
Camera: Restrained smooth movement only; preserve the supplied viewing angle and full product. Do not zoom out or tilt upward.
Product lock: MISTENED NARCISSUS; white label; nearly clear liquid. Preserve the label lettering, PARFUM LONDON signature, small 50 ml cylindrical proportions, thick clear base and fitted black cylindrical cap. Keep the cap seated throughout.
No faces or partial faces, necks, chins, people in reflections, new actors, extra fingers, new props, duplicate bottles, label changes, product morphing or liquid-color changes. No cuts within this generated clip. No added captions, promotional lettering, graphic overlays or watermark.

VOICE IDENTITY
Off-screen female narrator: a Filipina woman around 28 years old, with a warm, clear, conversational mid-range voice and smooth natural resonance. She sounds friendly, confident, curious and lightly playful, like a thoughtful friend helping someone choose a personal fragrance. Speak natural conversational Taglish with fluid Tagalog-English code-switching and a natural Filipina accent. Follow the exact supplied Taglish script; do not translate it into all-English or formal Tagalog. Keep scent names and website button labels unchanged. Keep a subtle smile in the voice, crisp diction, gently varied intonation and relaxed conversational pacing. Emphasize product names and key offer conditions clearly. Preserve the same age, accent, pitch range and vocal texture across every shot. Narration is off-screen; do not introduce a talking person or visible mouth. No shouting, forced whispering, exaggerated accent, celebrity imitation or robotic sales cadence.
VOICE TONE FOR THIS SCENT / STORY
Ask the opening buyer question with curiosity, then offer the named scent or brand answer helpfully. Cheerful, playful and openhearted. Keep the opening lively and the CTA friendly.
AUDIO DIRECTION
Generate the following off-screen narration in this clip. Begin promptly and complete the spoken line naturally within the first 5 seconds, then leave quiet ambience for the remaining generation. Keep room tone and prop foley low under the voice; no music or other voices. No visible speaker or lip sync. Use the same selected voice preset/reference as the other clips when the selected Flow model supports it. Exact-font text is added later in the editor; do not generate subtitles.
EXACT VOICEOVER — speak only these words, once:
“May magnetic cap na nagki-click. Puwedeng i-collect at i-display.”","","MAGNETIC CAP / COLLECT & DISPLAY","Animate this supplied start frame as one continuous photorealistic portrait 9:16 perfume-commercial shot. Match the first frame exactly: same Filipino adult hands, clothing, jewelry, set, props, warm saturated sunlight and natural skin texture. Hold the wider hero arrangement as supplied, with the full bottle intact. Keep the quiet top area clear of all moving objects.
Camera: Restrained smooth movement only; preserve the supplied viewing angle and full product. Do not zoom out or tilt upward.
Product lock: MISTENED NARCISSUS; white label; nearly clear liquid. Preserve the label lettering, PARFUM LONDON signature, small 50 ml cylindrical proportions, thick clear base and fitted black cylindrical cap. Keep the cap seated throughout.
No faces or partial faces, necks, chins, people in reflections, new actors, extra fingers, new props, duplicate bottles, label changes, product morphing or liquid-color changes. No cuts within this generated clip. No added captions, promotional lettering, graphic overlays or watermark.
Audio: subtle scene-appropriate room/outdoor ambience and gentle prop foley only; no generated speech or music. Voiceover and exact brand-font text will be added separately in the edit.","","Generate 6 seconds, then trim to 5 seconds in the edit."
"13","personality","Mistened Narcissus","A LITTLE JOY. A LOT OF PLAY.","5","21–27","6","6","13-personality-mistened-narcissus/frames/05-start.png","13-personality-mistened-narcissus/overlays/05-copy.png","","Free shipping sa two items or more. May COD din. Find your scent.","Ask the opening buyer question with curiosity, then offer the named scent or brand answer helpfully. Cheerful, playful and openhearted. Keep the opening lively and the CTA friendly.","Animate this supplied start frame as one continuous photorealistic portrait 9:16 perfume-commercial shot. Match the first frame exactly: same Filipino adult hands, clothing, jewelry, set, props, warm saturated sunlight and natural skin texture. Hold the hero arrangement. The final three seconds are entirely still, with no upward camera movement.
Camera: Locked composition; final three seconds fully still.
Product lock: MISTENED NARCISSUS; white label; nearly clear liquid. Preserve the label lettering, PARFUM LONDON signature, small 50 ml cylindrical proportions, thick clear base and fitted black cylindrical cap. Keep the cap seated throughout.
No faces or partial faces, necks, chins, people in reflections, new actors, extra fingers, new props, duplicate bottles, label changes, product morphing or liquid-color changes. No cuts within this generated clip. No added captions, promotional lettering, graphic overlays or watermark.

VOICE IDENTITY
Off-screen female narrator: a Filipina woman around 28 years old, with a warm, clear, conversational mid-range voice and smooth natural resonance. She sounds friendly, confident, curious and lightly playful, like a thoughtful friend helping someone choose a personal fragrance. Speak natural conversational Taglish with fluid Tagalog-English code-switching and a natural Filipina accent. Follow the exact supplied Taglish script; do not translate it into all-English or formal Tagalog. Keep scent names and website button labels unchanged. Keep a subtle smile in the voice, crisp diction, gently varied intonation and relaxed conversational pacing. Emphasize product names and key offer conditions clearly. Preserve the same age, accent, pitch range and vocal texture across every shot. Narration is off-screen; do not introduce a talking person or visible mouth. No shouting, forced whispering, exaggerated accent, celebrity imitation or robotic sales cadence.
VOICE TONE FOR THIS SCENT / STORY
Ask the opening buyer question with curiosity, then offer the named scent or brand answer helpfully. Cheerful, playful and openhearted. Keep the opening lively and the CTA friendly.
AUDIO DIRECTION
Generate the following off-screen narration in this clip. Begin promptly and complete the spoken line naturally within the first 6 seconds, then leave quiet ambience for the remaining generation. Keep room tone and prop foley low under the voice; no music or other voices. No visible speaker or lip sync. Use the same selected voice preset/reference as the other clips when the selected Flow model supports it. Exact-font text is added later in the editor; do not generate subtitles.
EXACT VOICEOVER — speak only these words, once:
“Free shipping sa two items or more. May COD din. Find your scent.”","","FIND YOUR SCENT / FREE SHIPPING ON 2+ ITEMS / CASH ON DELIVERY","Animate this supplied start frame as one continuous photorealistic portrait 9:16 perfume-commercial shot. Match the first frame exactly: same Filipino adult hands, clothing, jewelry, set, props, warm saturated sunlight and natural skin texture. Hold the hero arrangement. The final three seconds are entirely still, with no upward camera movement.
Camera: Locked composition; final three seconds fully still.
Product lock: MISTENED NARCISSUS; white label; nearly clear liquid. Preserve the label lettering, PARFUM LONDON signature, small 50 ml cylindrical proportions, thick clear base and fitted black cylindrical cap. Keep the cap seated throughout.
No faces or partial faces, necks, chins, people in reflections, new actors, extra fingers, new props, duplicate bottles, label changes, product morphing or liquid-color changes. No cuts within this generated clip. No added captions, promotional lettering, graphic overlays or watermark.
Audio: subtle scene-appropriate room/outdoor ambience and gentle prop foley only; no generated speech or music. Voiceover and exact brand-font text will be added separately in the edit.","","Generate 6 seconds, then trim to 6 seconds in the edit."
"14","personality","Charme Envoûtant","EXPRESSIVE BY NATURE.","1","00–04","4","4","14-personality-charme-envoutant/frames/01-start.png","14-personality-charme-envoutant/overlays/01-copy.png","","Gusto ng sweet scent na may mas rich na dating?","Ask the opening buyer question with curiosity, then offer the named scent or brand answer helpfully. Expressive, passionate and confident. Add clear emphasis while keeping the overall conversational voice.","Animate this supplied start frame as one continuous photorealistic portrait 9:16 perfume-commercial shot. Match the first frame exactly: same Filipino adult hands, clothing, jewelry, set, props, warm saturated sunlight and natural skin texture. The free hand rests naturally on the cropped red guitar body. Hold the upright bottle steady without playing a chord or hiding its name.
Camera: Restrained smooth movement only; preserve the supplied viewing angle and full product. Do not zoom out or tilt upward.
Product lock: CHARME ENVOÛTANT; black label; orange-amber liquid. Preserve the label lettering, PARFUM LONDON signature, small 50 ml cylindrical proportions, thick clear base and fitted black cylindrical cap. Keep the cap seated throughout.
No faces or partial faces, necks, chins, people in reflections, new actors, extra fingers, new props, duplicate bottles, label changes, product morphing or liquid-color changes. No cuts within this generated clip. No added captions, promotional lettering, graphic overlays or watermark.

VOICE IDENTITY
Off-screen female narrator: a Filipina woman around 28 years old, with a warm, clear, conversational mid-range voice and smooth natural resonance. She sounds friendly, confident, curious and lightly playful, like a thoughtful friend helping someone choose a personal fragrance. Speak natural conversational Taglish with fluid Tagalog-English code-switching and a natural Filipina accent. Follow the exact supplied Taglish script; do not translate it into all-English or formal Tagalog. Keep scent names and website button labels unchanged. Keep a subtle smile in the voice, crisp diction, gently varied intonation and relaxed conversational pacing. Emphasize product names and key offer conditions clearly. Preserve the same age, accent, pitch range and vocal texture across every shot. Narration is off-screen; do not introduce a talking person or visible mouth. No shouting, forced whispering, exaggerated accent, celebrity imitation or robotic sales cadence.
VOICE TONE FOR THIS SCENT / STORY
Ask the opening buyer question with curiosity, then offer the named scent or brand answer helpfully. Expressive, passionate and confident. Add clear emphasis while keeping the overall conversational voice.
AUDIO DIRECTION
Generate the following off-screen narration in this clip. Begin promptly and complete the spoken line naturally within the first 4 seconds, then leave quiet ambience for the remaining generation. Keep room tone and prop foley low under the voice; no music or other voices. No visible speaker or lip sync. Use the same selected voice preset/reference as the other clips when the selected Flow model supports it. Exact-font text is added later in the editor; do not generate subtitles.
EXACT VOICEOVER — speak only these words, once:
“Gusto ng sweet scent na may mas rich na dating?”","","SWEET SCENT? / RICH & SPICED","Animate this supplied start frame as one continuous photorealistic portrait 9:16 perfume-commercial shot. Match the first frame exactly: same Filipino adult hands, clothing, jewelry, set, props, warm saturated sunlight and natural skin texture. The free hand rests naturally on the cropped red guitar body. Hold the upright bottle steady without playing a chord or hiding its name.
Camera: Restrained smooth movement only; preserve the supplied viewing angle and full product. Do not zoom out or tilt upward.
Product lock: CHARME ENVOÛTANT; black label; orange-amber liquid. Preserve the label lettering, PARFUM LONDON signature, small 50 ml cylindrical proportions, thick clear base and fitted black cylindrical cap. Keep the cap seated throughout.
No faces or partial faces, necks, chins, people in reflections, new actors, extra fingers, new props, duplicate bottles, label changes, product morphing or liquid-color changes. No cuts within this generated clip. No added captions, promotional lettering, graphic overlays or watermark.
Audio: subtle scene-appropriate room/outdoor ambience and gentle prop foley only; no generated speech or music. Voiceover and exact brand-font text will be added separately in the edit.","","Generate 4 seconds, then trim to 4 seconds in the edit."
"14","personality","Charme Envoûtant","EXPRESSIVE BY NATURE.","2","04–10","6","6","14-personality-charme-envoutant/frames/02-start.png","14-personality-charme-envoutant/overlays/02-copy.png","","Try Charme Envoûtant. Rich, spiced sweetness na deep at indulgent ang dating.","Ask the opening buyer question with curiosity, then offer the named scent or brand answer helpfully. Expressive, passionate and confident. Add clear emphasis while keeping the overall conversational voice.","Animate this supplied start frame as one continuous photorealistic portrait 9:16 perfume-commercial shot. Match the first frame exactly: same Filipino adult hands, clothing, jewelry, set, props, warm saturated sunlight and natural skin texture. Hold the complete bottle steady. The free hand makes one tiny natural adjustment to the existing nearby prop, then rests; do not add or move props across the label.
Camera: Restrained smooth movement only; preserve the supplied viewing angle and full product. Do not zoom out or tilt upward.
Product lock: CHARME ENVOÛTANT; black label; orange-amber liquid. Preserve the label lettering, PARFUM LONDON signature, small 50 ml cylindrical proportions, thick clear base and fitted black cylindrical cap. Keep the cap seated throughout.
No faces or partial faces, necks, chins, people in reflections, new actors, extra fingers, new props, duplicate bottles, label changes, product morphing or liquid-color changes. No cuts within this generated clip. No added captions, promotional lettering, graphic overlays or watermark.

VOICE IDENTITY
Off-screen female narrator: a Filipina woman around 28 years old, with a warm, clear, conversational mid-range voice and smooth natural resonance. She sounds friendly, confident, curious and lightly playful, like a thoughtful friend helping someone choose a personal fragrance. Speak natural conversational Taglish with fluid Tagalog-English code-switching and a natural Filipina accent. Follow the exact supplied Taglish script; do not translate it into all-English or formal Tagalog. Keep scent names and website button labels unchanged. Keep a subtle smile in the voice, crisp diction, gently varied intonation and relaxed conversational pacing. Emphasize product names and key offer conditions clearly. Preserve the same age, accent, pitch range and vocal texture across every shot. Narration is off-screen; do not introduce a talking person or visible mouth. No shouting, forced whispering, exaggerated accent, celebrity imitation or robotic sales cadence.
VOICE TONE FOR THIS SCENT / STORY
Ask the opening buyer question with curiosity, then offer the named scent or brand answer helpfully. Expressive, passionate and confident. Add clear emphasis while keeping the overall conversational voice.
AUDIO DIRECTION
Generate the following off-screen narration in this clip. Begin promptly and complete the spoken line naturally within the first 6 seconds, then leave quiet ambience for the remaining generation. Keep room tone and prop foley low under the voice; no music or other voices. No visible speaker or lip sync. Use the same selected voice preset/reference as the other clips when the selected Flow model supports it. Exact-font text is added later in the editor; do not generate subtitles.
EXACT VOICEOVER — speak only these words, once:
“Try Charme Envoûtant. Rich, spiced sweetness na deep at indulgent ang dating.”","","CHARME ENVOÛTANT / RICH · SPICED · INDULGENT","Animate this supplied start frame as one continuous photorealistic portrait 9:16 perfume-commercial shot. Match the first frame exactly: same Filipino adult hands, clothing, jewelry, set, props, warm saturated sunlight and natural skin texture. Hold the complete bottle steady. The free hand makes one tiny natural adjustment to the existing nearby prop, then rests; do not add or move props across the label.
Camera: Restrained smooth movement only; preserve the supplied viewing angle and full product. Do not zoom out or tilt upward.
Product lock: CHARME ENVOÛTANT; black label; orange-amber liquid. Preserve the label lettering, PARFUM LONDON signature, small 50 ml cylindrical proportions, thick clear base and fitted black cylindrical cap. Keep the cap seated throughout.
No faces or partial faces, necks, chins, people in reflections, new actors, extra fingers, new props, duplicate bottles, label changes, product morphing or liquid-color changes. No cuts within this generated clip. No added captions, promotional lettering, graphic overlays or watermark.
Audio: subtle scene-appropriate room/outdoor ambience and gentle prop foley only; no generated speech or music. Voiceover and exact brand-font text will be added separately in the edit.","","Generate 6 seconds, then trim to 6 seconds in the edit."
"14","personality","Charme Envoûtant","EXPRESSIVE BY NATURE.","3","10–16","6","6","14-personality-charme-envoutant/frames/03-start.png","14-personality-charme-envoutant/overlays/03-copy.png","","Para sa expressive, passionate, at confident na personality.","Ask the opening buyer question with curiosity, then offer the named scent or brand answer helpfully. Expressive, passionate and confident. Add clear emphasis while keeping the overall conversational voice.","Animate this supplied start frame as one continuous photorealistic portrait 9:16 perfume-commercial shot. Match the first frame exactly: same Filipino adult hands, clothing, jewelry, set, props, warm saturated sunlight and natural skin texture. Push the camera in only 3 cm, then stop on the exact product name. Keep the entire black cap and glass base inside the frame and fingers below the lettering.
Camera: Restrained smooth movement only; preserve the supplied viewing angle and full product. Do not zoom out or tilt upward.
Product lock: CHARME ENVOÛTANT; black label; orange-amber liquid. Preserve the label lettering, PARFUM LONDON signature, small 50 ml cylindrical proportions, thick clear base and fitted black cylindrical cap. Keep the cap seated throughout.
No faces or partial faces, necks, chins, people in reflections, new actors, extra fingers, new props, duplicate bottles, label changes, product morphing or liquid-color changes. No cuts within this generated clip. No added captions, promotional lettering, graphic overlays or watermark.

VOICE IDENTITY
Off-screen female narrator: a Filipina woman around 28 years old, with a warm, clear, conversational mid-range voice and smooth natural resonance. She sounds friendly, confident, curious and lightly playful, like a thoughtful friend helping someone choose a personal fragrance. Speak natural conversational Taglish with fluid Tagalog-English code-switching and a natural Filipina accent. Follow the exact supplied Taglish script; do not translate it into all-English or formal Tagalog. Keep scent names and website button labels unchanged. Keep a subtle smile in the voice, crisp diction, gently varied intonation and relaxed conversational pacing. Emphasize product names and key offer conditions clearly. Preserve the same age, accent, pitch range and vocal texture across every shot. Narration is off-screen; do not introduce a talking person or visible mouth. No shouting, forced whispering, exaggerated accent, celebrity imitation or robotic sales cadence.
VOICE TONE FOR THIS SCENT / STORY
Ask the opening buyer question with curiosity, then offer the named scent or brand answer helpfully. Expressive, passionate and confident. Add clear emphasis while keeping the overall conversational voice.
AUDIO DIRECTION
Generate the following off-screen narration in this clip. Begin promptly and complete the spoken line naturally within the first 6 seconds, then leave quiet ambience for the remaining generation. Keep room tone and prop foley low under the voice; no music or other voices. No visible speaker or lip sync. Use the same selected voice preset/reference as the other clips when the selected Flow model supports it. Exact-font text is added later in the editor; do not generate subtitles.
EXACT VOICEOVER — speak only these words, once:
“Para sa expressive, passionate, at confident na personality.”","","EXPRESSIVE · PASSIONATE · CONFIDENT","Animate this supplied start frame as one continuous photorealistic portrait 9:16 perfume-commercial shot. Match the first frame exactly: same Filipino adult hands, clothing, jewelry, set, props, warm saturated sunlight and natural skin texture. Push the camera in only 3 cm, then stop on the exact product name. Keep the entire black cap and glass base inside the frame and fingers below the lettering.
Camera: Restrained smooth movement only; preserve the supplied viewing angle and full product. Do not zoom out or tilt upward.
Product lock: CHARME ENVOÛTANT; black label; orange-amber liquid. Preserve the label lettering, PARFUM LONDON signature, small 50 ml cylindrical proportions, thick clear base and fitted black cylindrical cap. Keep the cap seated throughout.
No faces or partial faces, necks, chins, people in reflections, new actors, extra fingers, new props, duplicate bottles, label changes, product morphing or liquid-color changes. No cuts within this generated clip. No added captions, promotional lettering, graphic overlays or watermark.
Audio: subtle scene-appropriate room/outdoor ambience and gentle prop foley only; no generated speech or music. Voiceover and exact brand-font text will be added separately in the edit.","","Generate 6 seconds, then trim to 6 seconds in the edit."
"14","personality","Charme Envoûtant","EXPRESSIVE BY NATURE.","4","16–21","5","6","14-personality-charme-envoutant/frames/04-start.png","14-personality-charme-envoutant/overlays/04-copy.png","","May magnetic cap na nagki-click. Puwedeng i-collect at i-display.","Ask the opening buyer question with curiosity, then offer the named scent or brand answer helpfully. Expressive, passionate and confident. Add clear emphasis while keeping the overall conversational voice.","Animate this supplied start frame as one continuous photorealistic portrait 9:16 perfume-commercial shot. Match the first frame exactly: same Filipino adult hands, clothing, jewelry, set, props, warm saturated sunlight and natural skin texture. Hold the wider hero arrangement as supplied, with the full bottle intact. Keep the quiet top area clear of all moving objects.
Camera: Restrained smooth movement only; preserve the supplied viewing angle and full product. Do not zoom out or tilt upward.
Product lock: CHARME ENVOÛTANT; black label; orange-amber liquid. Preserve the label lettering, PARFUM LONDON signature, small 50 ml cylindrical proportions, thick clear base and fitted black cylindrical cap. Keep the cap seated throughout.
No faces or partial faces, necks, chins, people in reflections, new actors, extra fingers, new props, duplicate bottles, label changes, product morphing or liquid-color changes. No cuts within this generated clip. No added captions, promotional lettering, graphic overlays or watermark.

VOICE IDENTITY
Off-screen female narrator: a Filipina woman around 28 years old, with a warm, clear, conversational mid-range voice and smooth natural resonance. She sounds friendly, confident, curious and lightly playful, like a thoughtful friend helping someone choose a personal fragrance. Speak natural conversational Taglish with fluid Tagalog-English code-switching and a natural Filipina accent. Follow the exact supplied Taglish script; do not translate it into all-English or formal Tagalog. Keep scent names and website button labels unchanged. Keep a subtle smile in the voice, crisp diction, gently varied intonation and relaxed conversational pacing. Emphasize product names and key offer conditions clearly. Preserve the same age, accent, pitch range and vocal texture across every shot. Narration is off-screen; do not introduce a talking person or visible mouth. No shouting, forced whispering, exaggerated accent, celebrity imitation or robotic sales cadence.
VOICE TONE FOR THIS SCENT / STORY
Ask the opening buyer question with curiosity, then offer the named scent or brand answer helpfully. Expressive, passionate and confident. Add clear emphasis while keeping the overall conversational voice.
AUDIO DIRECTION
Generate the following off-screen narration in this clip. Begin promptly and complete the spoken line naturally within the first 5 seconds, then leave quiet ambience for the remaining generation. Keep room tone and prop foley low under the voice; no music or other voices. No visible speaker or lip sync. Use the same selected voice preset/reference as the other clips when the selected Flow model supports it. Exact-font text is added later in the editor; do not generate subtitles.
EXACT VOICEOVER — speak only these words, once:
“May magnetic cap na nagki-click. Puwedeng i-collect at i-display.”","","MAGNETIC CAP / COLLECT & DISPLAY","Animate this supplied start frame as one continuous photorealistic portrait 9:16 perfume-commercial shot. Match the first frame exactly: same Filipino adult hands, clothing, jewelry, set, props, warm saturated sunlight and natural skin texture. Hold the wider hero arrangement as supplied, with the full bottle intact. Keep the quiet top area clear of all moving objects.
Camera: Restrained smooth movement only; preserve the supplied viewing angle and full product. Do not zoom out or tilt upward.
Product lock: CHARME ENVOÛTANT; black label; orange-amber liquid. Preserve the label lettering, PARFUM LONDON signature, small 50 ml cylindrical proportions, thick clear base and fitted black cylindrical cap. Keep the cap seated throughout.
No faces or partial faces, necks, chins, people in reflections, new actors, extra fingers, new props, duplicate bottles, label changes, product morphing or liquid-color changes. No cuts within this generated clip. No added captions, promotional lettering, graphic overlays or watermark.
Audio: subtle scene-appropriate room/outdoor ambience and gentle prop foley only; no generated speech or music. Voiceover and exact brand-font text will be added separately in the edit.","","Generate 6 seconds, then trim to 5 seconds in the edit."
"14","personality","Charme Envoûtant","EXPRESSIVE BY NATURE.","5","21–27","6","6","14-personality-charme-envoutant/frames/05-start.png","14-personality-charme-envoutant/overlays/05-copy.png","","Free shipping sa two items or more. May COD din. Find your scent.","Ask the opening buyer question with curiosity, then offer the named scent or brand answer helpfully. Expressive, passionate and confident. Add clear emphasis while keeping the overall conversational voice.","Animate this supplied start frame as one continuous photorealistic portrait 9:16 perfume-commercial shot. Match the first frame exactly: same Filipino adult hands, clothing, jewelry, set, props, warm saturated sunlight and natural skin texture. Hold the hero arrangement. The final three seconds are entirely still, with no upward camera movement.
Camera: Locked composition; final three seconds fully still.
Product lock: CHARME ENVOÛTANT; black label; orange-amber liquid. Preserve the label lettering, PARFUM LONDON signature, small 50 ml cylindrical proportions, thick clear base and fitted black cylindrical cap. Keep the cap seated throughout.
No faces or partial faces, necks, chins, people in reflections, new actors, extra fingers, new props, duplicate bottles, label changes, product morphing or liquid-color changes. No cuts within this generated clip. No added captions, promotional lettering, graphic overlays or watermark.

VOICE IDENTITY
Off-screen female narrator: a Filipina woman around 28 years old, with a warm, clear, conversational mid-range voice and smooth natural resonance. She sounds friendly, confident, curious and lightly playful, like a thoughtful friend helping someone choose a personal fragrance. Speak natural conversational Taglish with fluid Tagalog-English code-switching and a natural Filipina accent. Follow the exact supplied Taglish script; do not translate it into all-English or formal Tagalog. Keep scent names and website button labels unchanged. Keep a subtle smile in the voice, crisp diction, gently varied intonation and relaxed conversational pacing. Emphasize product names and key offer conditions clearly. Preserve the same age, accent, pitch range and vocal texture across every shot. Narration is off-screen; do not introduce a talking person or visible mouth. No shouting, forced whispering, exaggerated accent, celebrity imitation or robotic sales cadence.
VOICE TONE FOR THIS SCENT / STORY
Ask the opening buyer question with curiosity, then offer the named scent or brand answer helpfully. Expressive, passionate and confident. Add clear emphasis while keeping the overall conversational voice.
AUDIO DIRECTION
Generate the following off-screen narration in this clip. Begin promptly and complete the spoken line naturally within the first 6 seconds, then leave quiet ambience for the remaining generation. Keep room tone and prop foley low under the voice; no music or other voices. No visible speaker or lip sync. Use the same selected voice preset/reference as the other clips when the selected Flow model supports it. Exact-font text is added later in the editor; do not generate subtitles.
EXACT VOICEOVER — speak only these words, once:
“Free shipping sa two items or more. May COD din. Find your scent.”","","FIND YOUR SCENT / FREE SHIPPING ON 2+ ITEMS / CASH ON DELIVERY","Animate this supplied start frame as one continuous photorealistic portrait 9:16 perfume-commercial shot. Match the first frame exactly: same Filipino adult hands, clothing, jewelry, set, props, warm saturated sunlight and natural skin texture. Hold the hero arrangement. The final three seconds are entirely still, with no upward camera movement.
Camera: Locked composition; final three seconds fully still.
Product lock: CHARME ENVOÛTANT; black label; orange-amber liquid. Preserve the label lettering, PARFUM LONDON signature, small 50 ml cylindrical proportions, thick clear base and fitted black cylindrical cap. Keep the cap seated throughout.
No faces or partial faces, necks, chins, people in reflections, new actors, extra fingers, new props, duplicate bottles, label changes, product morphing or liquid-color changes. No cuts within this generated clip. No added captions, promotional lettering, graphic overlays or watermark.
Audio: subtle scene-appropriate room/outdoor ambience and gentle prop foley only; no generated speech or music. Voiceover and exact brand-font text will be added separately in the edit.","","Generate 6 seconds, then trim to 6 seconds in the edit."
"15","personality","Oud Mirage","YOUR OWN POINT OF VIEW.","1","00–04","4","4","15-personality-oud-mirage/frames/01-start.png","15-personality-oud-mirage/overlays/01-copy.png","","Rose ang gusto mo, pero may smoky depth sana?","Ask the opening buyer question with curiosity, then offer the named scent or brand answer helpfully. Independent, reflective and self-assured. Use a calm, thoughtful opening and an encouraging CTA.","Animate this supplied start frame as one continuous photorealistic portrait 9:16 perfume-commercial shot. Match the first frame exactly: same Filipino adult hands, clothing, jewelry, set, props, warm saturated sunlight and natural skin texture. The free fingers ease the notebook elastic into place, then pause. Keep the blue perfume bottle steady beside the closed notebook.
Camera: Restrained smooth movement only; preserve the supplied viewing angle and full product. Do not zoom out or tilt upward.
Product lock: OUD MIRAGE; black label; blue liquid. Preserve the label lettering, PARFUM LONDON signature, small 50 ml cylindrical proportions, thick clear base and fitted black cylindrical cap. Keep the cap seated throughout.
No faces or partial faces, necks, chins, people in reflections, new actors, extra fingers, new props, duplicate bottles, label changes, product morphing or liquid-color changes. No cuts within this generated clip. No added captions, promotional lettering, graphic overlays or watermark.

VOICE IDENTITY
Off-screen female narrator: a Filipina woman around 28 years old, with a warm, clear, conversational mid-range voice and smooth natural resonance. She sounds friendly, confident, curious and lightly playful, like a thoughtful friend helping someone choose a personal fragrance. Speak natural conversational Taglish with fluid Tagalog-English code-switching and a natural Filipina accent. Follow the exact supplied Taglish script; do not translate it into all-English or formal Tagalog. Keep scent names and website button labels unchanged. Keep a subtle smile in the voice, crisp diction, gently varied intonation and relaxed conversational pacing. Emphasize product names and key offer conditions clearly. Preserve the same age, accent, pitch range and vocal texture across every shot. Narration is off-screen; do not introduce a talking person or visible mouth. No shouting, forced whispering, exaggerated accent, celebrity imitation or robotic sales cadence.
VOICE TONE FOR THIS SCENT / STORY
Ask the opening buyer question with curiosity, then offer the named scent or brand answer helpfully. Independent, reflective and self-assured. Use a calm, thoughtful opening and an encouraging CTA.
AUDIO DIRECTION
Generate the following off-screen narration in this clip. Begin promptly and complete the spoken line naturally within the first 4 seconds, then leave quiet ambience for the remaining generation. Keep room tone and prop foley low under the voice; no music or other voices. No visible speaker or lip sync. Use the same selected voice preset/reference as the other clips when the selected Flow model supports it. Exact-font text is added later in the editor; do not generate subtitles.
EXACT VOICEOVER — speak only these words, once:
“Rose ang gusto mo, pero may smoky depth sana?”","","ROSE, WITH DEPTH? / SMOKY & WOODY","Animate this supplied start frame as one continuous photorealistic portrait 9:16 perfume-commercial shot. Match the first frame exactly: same Filipino adult hands, clothing, jewelry, set, props, warm saturated sunlight and natural skin texture. The free fingers ease the notebook elastic into place, then pause. Keep the blue perfume bottle steady beside the closed notebook.
Camera: Restrained smooth movement only; preserve the supplied viewing angle and full product. Do not zoom out or tilt upward.
Product lock: OUD MIRAGE; black label; blue liquid. Preserve the label lettering, PARFUM LONDON signature, small 50 ml cylindrical proportions, thick clear base and fitted black cylindrical cap. Keep the cap seated throughout.
No faces or partial faces, necks, chins, people in reflections, new actors, extra fingers, new props, duplicate bottles, label changes, product morphing or liquid-color changes. No cuts within this generated clip. No added captions, promotional lettering, graphic overlays or watermark.
Audio: subtle scene-appropriate room/outdoor ambience and gentle prop foley only; no generated speech or music. Voiceover and exact brand-font text will be added separately in the edit.","","Generate 4 seconds, then trim to 4 seconds in the edit."
"15","personality","Oud Mirage","YOUR OWN POINT OF VIEW.","2","04–10","6","6","15-personality-oud-mirage/frames/02-start.png","15-personality-oud-mirage/overlays/02-copy.png","","Try Oud Mirage. Dark rose na balot sa smoky, woody depth.","Ask the opening buyer question with curiosity, then offer the named scent or brand answer helpfully. Independent, reflective and self-assured. Use a calm, thoughtful opening and an encouraging CTA.","Animate this supplied start frame as one continuous photorealistic portrait 9:16 perfume-commercial shot. Match the first frame exactly: same Filipino adult hands, clothing, jewelry, set, props, warm saturated sunlight and natural skin texture. Hold the complete bottle steady. The free hand makes one tiny natural adjustment to the existing nearby prop, then rests; do not add or move props across the label.
Camera: Restrained smooth movement only; preserve the supplied viewing angle and full product. Do not zoom out or tilt upward.
Product lock: OUD MIRAGE; black label; blue liquid. Preserve the label lettering, PARFUM LONDON signature, small 50 ml cylindrical proportions, thick clear base and fitted black cylindrical cap. Keep the cap seated throughout.
No faces or partial faces, necks, chins, people in reflections, new actors, extra fingers, new props, duplicate bottles, label changes, product morphing or liquid-color changes. No cuts within this generated clip. No added captions, promotional lettering, graphic overlays or watermark.

VOICE IDENTITY
Off-screen female narrator: a Filipina woman around 28 years old, with a warm, clear, conversational mid-range voice and smooth natural resonance. She sounds friendly, confident, curious and lightly playful, like a thoughtful friend helping someone choose a personal fragrance. Speak natural conversational Taglish with fluid Tagalog-English code-switching and a natural Filipina accent. Follow the exact supplied Taglish script; do not translate it into all-English or formal Tagalog. Keep scent names and website button labels unchanged. Keep a subtle smile in the voice, crisp diction, gently varied intonation and relaxed conversational pacing. Emphasize product names and key offer conditions clearly. Preserve the same age, accent, pitch range and vocal texture across every shot. Narration is off-screen; do not introduce a talking person or visible mouth. No shouting, forced whispering, exaggerated accent, celebrity imitation or robotic sales cadence.
VOICE TONE FOR THIS SCENT / STORY
Ask the opening buyer question with curiosity, then offer the named scent or brand answer helpfully. Independent, reflective and self-assured. Use a calm, thoughtful opening and an encouraging CTA.
AUDIO DIRECTION
Generate the following off-screen narration in this clip. Begin promptly and complete the spoken line naturally within the first 6 seconds, then leave quiet ambience for the remaining generation. Keep room tone and prop foley low under the voice; no music or other voices. No visible speaker or lip sync. Use the same selected voice preset/reference as the other clips when the selected Flow model supports it. Exact-font text is added later in the editor; do not generate subtitles.
EXACT VOICEOVER — speak only these words, once:
“Try Oud Mirage. Dark rose na balot sa smoky, woody depth.”","","OUD MIRAGE / DARK ROSE · SMOKY · WOODY","Animate this supplied start frame as one continuous photorealistic portrait 9:16 perfume-commercial shot. Match the first frame exactly: same Filipino adult hands, clothing, jewelry, set, props, warm saturated sunlight and natural skin texture. Hold the complete bottle steady. The free hand makes one tiny natural adjustment to the existing nearby prop, then rests; do not add or move props across the label.
Camera: Restrained smooth movement only; preserve the supplied viewing angle and full product. Do not zoom out or tilt upward.
Product lock: OUD MIRAGE; black label; blue liquid. Preserve the label lettering, PARFUM LONDON signature, small 50 ml cylindrical proportions, thick clear base and fitted black cylindrical cap. Keep the cap seated throughout.
No faces or partial faces, necks, chins, people in reflections, new actors, extra fingers, new props, duplicate bottles, label changes, product morphing or liquid-color changes. No cuts within this generated clip. No added captions, promotional lettering, graphic overlays or watermark.
Audio: subtle scene-appropriate room/outdoor ambience and gentle prop foley only; no generated speech or music. Voiceover and exact brand-font text will be added separately in the edit.","","Generate 6 seconds, then trim to 6 seconds in the edit."
"15","personality","Oud Mirage","YOUR OWN POINT OF VIEW.","3","10–16","6","6","15-personality-oud-mirage/frames/03-start.png","15-personality-oud-mirage/overlays/03-copy.png","","Para sa independent, reflective, at self-assured na personality.","Ask the opening buyer question with curiosity, then offer the named scent or brand answer helpfully. Independent, reflective and self-assured. Use a calm, thoughtful opening and an encouraging CTA.","Animate this supplied start frame as one continuous photorealistic portrait 9:16 perfume-commercial shot. Match the first frame exactly: same Filipino adult hands, clothing, jewelry, set, props, warm saturated sunlight and natural skin texture. Push the camera in only 3 cm, then stop on the exact product name. Keep the entire black cap and glass base inside the frame and fingers below the lettering.
Camera: Restrained smooth movement only; preserve the supplied viewing angle and full product. Do not zoom out or tilt upward.
Product lock: OUD MIRAGE; black label; blue liquid. Preserve the label lettering, PARFUM LONDON signature, small 50 ml cylindrical proportions, thick clear base and fitted black cylindrical cap. Keep the cap seated throughout.
No faces or partial faces, necks, chins, people in reflections, new actors, extra fingers, new props, duplicate bottles, label changes, product morphing or liquid-color changes. No cuts within this generated clip. No added captions, promotional lettering, graphic overlays or watermark.

VOICE IDENTITY
Off-screen female narrator: a Filipina woman around 28 years old, with a warm, clear, conversational mid-range voice and smooth natural resonance. She sounds friendly, confident, curious and lightly playful, like a thoughtful friend helping someone choose a personal fragrance. Speak natural conversational Taglish with fluid Tagalog-English code-switching and a natural Filipina accent. Follow the exact supplied Taglish script; do not translate it into all-English or formal Tagalog. Keep scent names and website button labels unchanged. Keep a subtle smile in the voice, crisp diction, gently varied intonation and relaxed conversational pacing. Emphasize product names and key offer conditions clearly. Preserve the same age, accent, pitch range and vocal texture across every shot. Narration is off-screen; do not introduce a talking person or visible mouth. No shouting, forced whispering, exaggerated accent, celebrity imitation or robotic sales cadence.
VOICE TONE FOR THIS SCENT / STORY
Ask the opening buyer question with curiosity, then offer the named scent or brand answer helpfully. Independent, reflective and self-assured. Use a calm, thoughtful opening and an encouraging CTA.
AUDIO DIRECTION
Generate the following off-screen narration in this clip. Begin promptly and complete the spoken line naturally within the first 6 seconds, then leave quiet ambience for the remaining generation. Keep room tone and prop foley low under the voice; no music or other voices. No visible speaker or lip sync. Use the same selected voice preset/reference as the other clips when the selected Flow model supports it. Exact-font text is added later in the editor; do not generate subtitles.
EXACT VOICEOVER — speak only these words, once:
“Para sa independent, reflective, at self-assured na personality.”","","INDEPENDENT · REFLECTIVE · SELF-ASSURED","Animate this supplied start frame as one continuous photorealistic portrait 9:16 perfume-commercial shot. Match the first frame exactly: same Filipino adult hands, clothing, jewelry, set, props, warm saturated sunlight and natural skin texture. Push the camera in only 3 cm, then stop on the exact product name. Keep the entire black cap and glass base inside the frame and fingers below the lettering.
Camera: Restrained smooth movement only; preserve the supplied viewing angle and full product. Do not zoom out or tilt upward.
Product lock: OUD MIRAGE; black label; blue liquid. Preserve the label lettering, PARFUM LONDON signature, small 50 ml cylindrical proportions, thick clear base and fitted black cylindrical cap. Keep the cap seated throughout.
No faces or partial faces, necks, chins, people in reflections, new actors, extra fingers, new props, duplicate bottles, label changes, product morphing or liquid-color changes. No cuts within this generated clip. No added captions, promotional lettering, graphic overlays or watermark.
Audio: subtle scene-appropriate room/outdoor ambience and gentle prop foley only; no generated speech or music. Voiceover and exact brand-font text will be added separately in the edit.","","Generate 6 seconds, then trim to 6 seconds in the edit."
"15","personality","Oud Mirage","YOUR OWN POINT OF VIEW.","4","16–21","5","6","15-personality-oud-mirage/frames/04-start.png","15-personality-oud-mirage/overlays/04-copy.png","","May magnetic cap na nagki-click. Puwedeng i-collect at i-display.","Ask the opening buyer question with curiosity, then offer the named scent or brand answer helpfully. Independent, reflective and self-assured. Use a calm, thoughtful opening and an encouraging CTA.","Animate this supplied start frame as one continuous photorealistic portrait 9:16 perfume-commercial shot. Match the first frame exactly: same Filipino adult hands, clothing, jewelry, set, props, warm saturated sunlight and natural skin texture. Hold the wider hero arrangement as supplied, with the full bottle intact. Keep the quiet top area clear of all moving objects.
Camera: Restrained smooth movement only; preserve the supplied viewing angle and full product. Do not zoom out or tilt upward.
Product lock: OUD MIRAGE; black label; blue liquid. Preserve the label lettering, PARFUM LONDON signature, small 50 ml cylindrical proportions, thick clear base and fitted black cylindrical cap. Keep the cap seated throughout.
No faces or partial faces, necks, chins, people in reflections, new actors, extra fingers, new props, duplicate bottles, label changes, product morphing or liquid-color changes. No cuts within this generated clip. No added captions, promotional lettering, graphic overlays or watermark.

VOICE IDENTITY
Off-screen female narrator: a Filipina woman around 28 years old, with a warm, clear, conversational mid-range voice and smooth natural resonance. She sounds friendly, confident, curious and lightly playful, like a thoughtful friend helping someone choose a personal fragrance. Speak natural conversational Taglish with fluid Tagalog-English code-switching and a natural Filipina accent. Follow the exact supplied Taglish script; do not translate it into all-English or formal Tagalog. Keep scent names and website button labels unchanged. Keep a subtle smile in the voice, crisp diction, gently varied intonation and relaxed conversational pacing. Emphasize product names and key offer conditions clearly. Preserve the same age, accent, pitch range and vocal texture across every shot. Narration is off-screen; do not introduce a talking person or visible mouth. No shouting, forced whispering, exaggerated accent, celebrity imitation or robotic sales cadence.
VOICE TONE FOR THIS SCENT / STORY
Ask the opening buyer question with curiosity, then offer the named scent or brand answer helpfully. Independent, reflective and self-assured. Use a calm, thoughtful opening and an encouraging CTA.
AUDIO DIRECTION
Generate the following off-screen narration in this clip. Begin promptly and complete the spoken line naturally within the first 5 seconds, then leave quiet ambience for the remaining generation. Keep room tone and prop foley low under the voice; no music or other voices. No visible speaker or lip sync. Use the same selected voice preset/reference as the other clips when the selected Flow model supports it. Exact-font text is added later in the editor; do not generate subtitles.
EXACT VOICEOVER — speak only these words, once:
“May magnetic cap na nagki-click. Puwedeng i-collect at i-display.”","","MAGNETIC CAP / COLLECT & DISPLAY","Animate this supplied start frame as one continuous photorealistic portrait 9:16 perfume-commercial shot. Match the first frame exactly: same Filipino adult hands, clothing, jewelry, set, props, warm saturated sunlight and natural skin texture. Hold the wider hero arrangement as supplied, with the full bottle intact. Keep the quiet top area clear of all moving objects.
Camera: Restrained smooth movement only; preserve the supplied viewing angle and full product. Do not zoom out or tilt upward.
Product lock: OUD MIRAGE; black label; blue liquid. Preserve the label lettering, PARFUM LONDON signature, small 50 ml cylindrical proportions, thick clear base and fitted black cylindrical cap. Keep the cap seated throughout.
No faces or partial faces, necks, chins, people in reflections, new actors, extra fingers, new props, duplicate bottles, label changes, product morphing or liquid-color changes. No cuts within this generated clip. No added captions, promotional lettering, graphic overlays or watermark.
Audio: subtle scene-appropriate room/outdoor ambience and gentle prop foley only; no generated speech or music. Voiceover and exact brand-font text will be added separately in the edit.","","Generate 6 seconds, then trim to 5 seconds in the edit."
"15","personality","Oud Mirage","YOUR OWN POINT OF VIEW.","5","21–27","6","6","15-personality-oud-mirage/frames/05-start.png","15-personality-oud-mirage/overlays/05-copy.png","","Free shipping sa two items or more. May COD din. Find your scent.","Ask the opening buyer question with curiosity, then offer the named scent or brand answer helpfully. Independent, reflective and self-assured. Use a calm, thoughtful opening and an encouraging CTA.","Animate this supplied start frame as one continuous photorealistic portrait 9:16 perfume-commercial shot. Match the first frame exactly: same Filipino adult hands, clothing, jewelry, set, props, warm saturated sunlight and natural skin texture. Hold the hero arrangement. The final three seconds are entirely still, with no upward camera movement.
Camera: Locked composition; final three seconds fully still.
Product lock: OUD MIRAGE; black label; blue liquid. Preserve the label lettering, PARFUM LONDON signature, small 50 ml cylindrical proportions, thick clear base and fitted black cylindrical cap. Keep the cap seated throughout.
No faces or partial faces, necks, chins, people in reflections, new actors, extra fingers, new props, duplicate bottles, label changes, product morphing or liquid-color changes. No cuts within this generated clip. No added captions, promotional lettering, graphic overlays or watermark.

VOICE IDENTITY
Off-screen female narrator: a Filipina woman around 28 years old, with a warm, clear, conversational mid-range voice and smooth natural resonance. She sounds friendly, confident, curious and lightly playful, like a thoughtful friend helping someone choose a personal fragrance. Speak natural conversational Taglish with fluid Tagalog-English code-switching and a natural Filipina accent. Follow the exact supplied Taglish script; do not translate it into all-English or formal Tagalog. Keep scent names and website button labels unchanged. Keep a subtle smile in the voice, crisp diction, gently varied intonation and relaxed conversational pacing. Emphasize product names and key offer conditions clearly. Preserve the same age, accent, pitch range and vocal texture across every shot. Narration is off-screen; do not introduce a talking person or visible mouth. No shouting, forced whispering, exaggerated accent, celebrity imitation or robotic sales cadence.
VOICE TONE FOR THIS SCENT / STORY
Ask the opening buyer question with curiosity, then offer the named scent or brand answer helpfully. Independent, reflective and self-assured. Use a calm, thoughtful opening and an encouraging CTA.
AUDIO DIRECTION
Generate the following off-screen narration in this clip. Begin promptly and complete the spoken line naturally within the first 6 seconds, then leave quiet ambience for the remaining generation. Keep room tone and prop foley low under the voice; no music or other voices. No visible speaker or lip sync. Use the same selected voice preset/reference as the other clips when the selected Flow model supports it. Exact-font text is added later in the editor; do not generate subtitles.
EXACT VOICEOVER — speak only these words, once:
“Free shipping sa two items or more. May COD din. Find your scent.”","","FIND YOUR SCENT / FREE SHIPPING ON 2+ ITEMS / CASH ON DELIVERY","Animate this supplied start frame as one continuous photorealistic portrait 9:16 perfume-commercial shot. Match the first frame exactly: same Filipino adult hands, clothing, jewelry, set, props, warm saturated sunlight and natural skin texture. Hold the hero arrangement. The final three seconds are entirely still, with no upward camera movement.
Camera: Locked composition; final three seconds fully still.
Product lock: OUD MIRAGE; black label; blue liquid. Preserve the label lettering, PARFUM LONDON signature, small 50 ml cylindrical proportions, thick clear base and fitted black cylindrical cap. Keep the cap seated throughout.
No faces or partial faces, necks, chins, people in reflections, new actors, extra fingers, new props, duplicate bottles, label changes, product morphing or liquid-color changes. No cuts within this generated clip. No added captions, promotional lettering, graphic overlays or watermark.
Audio: subtle scene-appropriate room/outdoor ambience and gentle prop foley only; no generated speech or music. Voiceover and exact brand-font text will be added separately in the edit.","","Generate 6 seconds, then trim to 6 seconds in the edit."
"16","personality","Rtulle & Satin","IMAGINATION, WITH WARMTH.","1","00–04","4","4","16-personality-rtulle-and-satin/frames/01-start.png","16-personality-rtulle-and-satin/overlays/01-copy.png","","Naghahanap ng airy sweetness na may warm na dating?","Ask the opening buyer question with curiosity, then offer the named scent or brand answer helpfully. Gentle, imaginative and lighthearted. Convey curiosity and warmth with an airy rhythm, without whispering.","Animate this supplied start frame as one continuous photorealistic portrait 9:16 perfume-commercial shot. Match the first frame exactly: same Filipino adult hands, clothing, jewelry, set, props, warm saturated sunlight and natural skin texture. The free fingertips press one existing crease of the cream paper fan, then relax. Hold the complete bottle above the ochre tray. The yellow crane remains still.
Camera: Restrained smooth movement only; preserve the supplied viewing angle and full product. Do not zoom out or tilt upward.
Product lock: RTULLE & SATIN; black label; turquoise liquid. Preserve the label lettering, PARFUM LONDON signature, small 50 ml cylindrical proportions, thick clear base and fitted black cylindrical cap. Keep the cap seated throughout.
No faces or partial faces, necks, chins, people in reflections, new actors, extra fingers, new props, duplicate bottles, label changes, product morphing or liquid-color changes. No cuts within this generated clip. No added captions, promotional lettering, graphic overlays or watermark.

VOICE IDENTITY
Off-screen female narrator: a Filipina woman around 28 years old, with a warm, clear, conversational mid-range voice and smooth natural resonance. She sounds friendly, confident, curious and lightly playful, like a thoughtful friend helping someone choose a personal fragrance. Speak natural conversational Taglish with fluid Tagalog-English code-switching and a natural Filipina accent. Follow the exact supplied Taglish script; do not translate it into all-English or formal Tagalog. Keep scent names and website button labels unchanged. Keep a subtle smile in the voice, crisp diction, gently varied intonation and relaxed conversational pacing. Emphasize product names and key offer conditions clearly. Preserve the same age, accent, pitch range and vocal texture across every shot. Narration is off-screen; do not introduce a talking person or visible mouth. No shouting, forced whispering, exaggerated accent, celebrity imitation or robotic sales cadence.
VOICE TONE FOR THIS SCENT / STORY
Ask the opening buyer question with curiosity, then offer the named scent or brand answer helpfully. Gentle, imaginative and lighthearted. Convey curiosity and warmth with an airy rhythm, without whispering.
AUDIO DIRECTION
Generate the following off-screen narration in this clip. Begin promptly and complete the spoken line naturally within the first 4 seconds, then leave quiet ambience for the remaining generation. Keep room tone and prop foley low under the voice; no music or other voices. No visible speaker or lip sync. Use the same selected voice preset/reference as the other clips when the selected Flow model supports it. Exact-font text is added later in the editor; do not generate subtitles.
EXACT VOICEOVER — speak only these words, once:
“Naghahanap ng airy sweetness na may warm na dating?”","","AIRY SWEETNESS? / A WARM TRAIL","Animate this supplied start frame as one continuous photorealistic portrait 9:16 perfume-commercial shot. Match the first frame exactly: same Filipino adult hands, clothing, jewelry, set, props, warm saturated sunlight and natural skin texture. The free fingertips press one existing crease of the cream paper fan, then relax. Hold the complete bottle above the ochre tray. The yellow crane remains still.
Camera: Restrained smooth movement only; preserve the supplied viewing angle and full product. Do not zoom out or tilt upward.
Product lock: RTULLE & SATIN; black label; turquoise liquid. Preserve the label lettering, PARFUM LONDON signature, small 50 ml cylindrical proportions, thick clear base and fitted black cylindrical cap. Keep the cap seated throughout.
No faces or partial faces, necks, chins, people in reflections, new actors, extra fingers, new props, duplicate bottles, label changes, product morphing or liquid-color changes. No cuts within this generated clip. No added captions, promotional lettering, graphic overlays or watermark.
Audio: subtle scene-appropriate room/outdoor ambience and gentle prop foley only; no generated speech or music. Voiceover and exact brand-font text will be added separately in the edit.","","Generate 4 seconds, then trim to 4 seconds in the edit."
"16","personality","Rtulle & Satin","IMAGINATION, WITH WARMTH.","2","04–10","6","6","16-personality-rtulle-and-satin/frames/02-start.png","16-personality-rtulle-and-satin/overlays/02-copy.png","","Try Rtulle & Satin. Airy sweetness na may warm, glowing trail.","Ask the opening buyer question with curiosity, then offer the named scent or brand answer helpfully. Gentle, imaginative and lighthearted. Convey curiosity and warmth with an airy rhythm, without whispering.","Animate this supplied start frame as one continuous photorealistic portrait 9:16 perfume-commercial shot. Match the first frame exactly: same Filipino adult hands, clothing, jewelry, set, props, warm saturated sunlight and natural skin texture. Hold the complete bottle steady. The free hand makes one tiny natural adjustment to the existing nearby prop, then rests; do not add or move props across the label.
Camera: Restrained smooth movement only; preserve the supplied viewing angle and full product. Do not zoom out or tilt upward.
Product lock: RTULLE & SATIN; black label; turquoise liquid. Preserve the label lettering, PARFUM LONDON signature, small 50 ml cylindrical proportions, thick clear base and fitted black cylindrical cap. Keep the cap seated throughout.
No faces or partial faces, necks, chins, people in reflections, new actors, extra fingers, new props, duplicate bottles, label changes, product morphing or liquid-color changes. No cuts within this generated clip. No added captions, promotional lettering, graphic overlays or watermark.

VOICE IDENTITY
Off-screen female narrator: a Filipina woman around 28 years old, with a warm, clear, conversational mid-range voice and smooth natural resonance. She sounds friendly, confident, curious and lightly playful, like a thoughtful friend helping someone choose a personal fragrance. Speak natural conversational Taglish with fluid Tagalog-English code-switching and a natural Filipina accent. Follow the exact supplied Taglish script; do not translate it into all-English or formal Tagalog. Keep scent names and website button labels unchanged. Keep a subtle smile in the voice, crisp diction, gently varied intonation and relaxed conversational pacing. Emphasize product names and key offer conditions clearly. Preserve the same age, accent, pitch range and vocal texture across every shot. Narration is off-screen; do not introduce a talking person or visible mouth. No shouting, forced whispering, exaggerated accent, celebrity imitation or robotic sales cadence.
VOICE TONE FOR THIS SCENT / STORY
Ask the opening buyer question with curiosity, then offer the named scent or brand answer helpfully. Gentle, imaginative and lighthearted. Convey curiosity and warmth with an airy rhythm, without whispering.
AUDIO DIRECTION
Generate the following off-screen narration in this clip. Begin promptly and complete the spoken line naturally within the first 6 seconds, then leave quiet ambience for the remaining generation. Keep room tone and prop foley low under the voice; no music or other voices. No visible speaker or lip sync. Use the same selected voice preset/reference as the other clips when the selected Flow model supports it. Exact-font text is added later in the editor; do not generate subtitles.
EXACT VOICEOVER — speak only these words, once:
“Try Rtulle & Satin. Airy sweetness na may warm, glowing trail.”","","RTULLE & SATIN / AIRY SWEETNESS · WARM TRAIL","Animate this supplied start frame as one continuous photorealistic portrait 9:16 perfume-commercial shot. Match the first frame exactly: same Filipino adult hands, clothing, jewelry, set, props, warm saturated sunlight and natural skin texture. Hold the complete bottle steady. The free hand makes one tiny natural adjustment to the existing nearby prop, then rests; do not add or move props across the label.
Camera: Restrained smooth movement only; preserve the supplied viewing angle and full product. Do not zoom out or tilt upward.
Product lock: RTULLE & SATIN; black label; turquoise liquid. Preserve the label lettering, PARFUM LONDON signature, small 50 ml cylindrical proportions, thick clear base and fitted black cylindrical cap. Keep the cap seated throughout.
No faces or partial faces, necks, chins, people in reflections, new actors, extra fingers, new props, duplicate bottles, label changes, product morphing or liquid-color changes. No cuts within this generated clip. No added captions, promotional lettering, graphic overlays or watermark.
Audio: subtle scene-appropriate room/outdoor ambience and gentle prop foley only; no generated speech or music. Voiceover and exact brand-font text will be added separately in the edit.","","Generate 6 seconds, then trim to 6 seconds in the edit."
"16","personality","Rtulle & Satin","IMAGINATION, WITH WARMTH.","3","10–16","6","6","16-personality-rtulle-and-satin/frames/03-start.png","16-personality-rtulle-and-satin/overlays/03-copy.png","","Para sa gentle, imaginative, at lighthearted na personality.","Ask the opening buyer question with curiosity, then offer the named scent or brand answer helpfully. Gentle, imaginative and lighthearted. Convey curiosity and warmth with an airy rhythm, without whispering.","Animate this supplied start frame as one continuous photorealistic portrait 9:16 perfume-commercial shot. Match the first frame exactly: same Filipino adult hands, clothing, jewelry, set, props, warm saturated sunlight and natural skin texture. Push the camera in only 3 cm, then stop on the exact product name. Keep the entire black cap and glass base inside the frame and fingers below the lettering.
Camera: Restrained smooth movement only; preserve the supplied viewing angle and full product. Do not zoom out or tilt upward.
Product lock: RTULLE & SATIN; black label; turquoise liquid. Preserve the label lettering, PARFUM LONDON signature, small 50 ml cylindrical proportions, thick clear base and fitted black cylindrical cap. Keep the cap seated throughout.
No faces or partial faces, necks, chins, people in reflections, new actors, extra fingers, new props, duplicate bottles, label changes, product morphing or liquid-color changes. No cuts within this generated clip. No added captions, promotional lettering, graphic overlays or watermark.

VOICE IDENTITY
Off-screen female narrator: a Filipina woman around 28 years old, with a warm, clear, conversational mid-range voice and smooth natural resonance. She sounds friendly, confident, curious and lightly playful, like a thoughtful friend helping someone choose a personal fragrance. Speak natural conversational Taglish with fluid Tagalog-English code-switching and a natural Filipina accent. Follow the exact supplied Taglish script; do not translate it into all-English or formal Tagalog. Keep scent names and website button labels unchanged. Keep a subtle smile in the voice, crisp diction, gently varied intonation and relaxed conversational pacing. Emphasize product names and key offer conditions clearly. Preserve the same age, accent, pitch range and vocal texture across every shot. Narration is off-screen; do not introduce a talking person or visible mouth. No shouting, forced whispering, exaggerated accent, celebrity imitation or robotic sales cadence.
VOICE TONE FOR THIS SCENT / STORY
Ask the opening buyer question with curiosity, then offer the named scent or brand answer helpfully. Gentle, imaginative and lighthearted. Convey curiosity and warmth with an airy rhythm, without whispering.
AUDIO DIRECTION
Generate the following off-screen narration in this clip. Begin promptly and complete the spoken line naturally within the first 6 seconds, then leave quiet ambience for the remaining generation. Keep room tone and prop foley low under the voice; no music or other voices. No visible speaker or lip sync. Use the same selected voice preset/reference as the other clips when the selected Flow model supports it. Exact-font text is added later in the editor; do not generate subtitles.
EXACT VOICEOVER — speak only these words, once:
“Para sa gentle, imaginative, at lighthearted na personality.”","","GENTLE · IMAGINATIVE · LIGHTHEARTED","Animate this supplied start frame as one continuous photorealistic portrait 9:16 perfume-commercial shot. Match the first frame exactly: same Filipino adult hands, clothing, jewelry, set, props, warm saturated sunlight and natural skin texture. Push the camera in only 3 cm, then stop on the exact product name. Keep the entire black cap and glass base inside the frame and fingers below the lettering.
Camera: Restrained smooth movement only; preserve the supplied viewing angle and full product. Do not zoom out or tilt upward.
Product lock: RTULLE & SATIN; black label; turquoise liquid. Preserve the label lettering, PARFUM LONDON signature, small 50 ml cylindrical proportions, thick clear base and fitted black cylindrical cap. Keep the cap seated throughout.
No faces or partial faces, necks, chins, people in reflections, new actors, extra fingers, new props, duplicate bottles, label changes, product morphing or liquid-color changes. No cuts within this generated clip. No added captions, promotional lettering, graphic overlays or watermark.
Audio: subtle scene-appropriate room/outdoor ambience and gentle prop foley only; no generated speech or music. Voiceover and exact brand-font text will be added separately in the edit.","","Generate 6 seconds, then trim to 6 seconds in the edit."
"16","personality","Rtulle & Satin","IMAGINATION, WITH WARMTH.","4","16–21","5","6","16-personality-rtulle-and-satin/frames/04-start.png","16-personality-rtulle-and-satin/overlays/04-copy.png","","May magnetic cap na nagki-click. Puwedeng i-collect at i-display.","Ask the opening buyer question with curiosity, then offer the named scent or brand answer helpfully. Gentle, imaginative and lighthearted. Convey curiosity and warmth with an airy rhythm, without whispering.","Animate this supplied start frame as one continuous photorealistic portrait 9:16 perfume-commercial shot. Match the first frame exactly: same Filipino adult hands, clothing, jewelry, set, props, warm saturated sunlight and natural skin texture. Hold the wider hero arrangement as supplied, with the full bottle intact. Keep the quiet top area clear of all moving objects.
Camera: Restrained smooth movement only; preserve the supplied viewing angle and full product. Do not zoom out or tilt upward.
Product lock: RTULLE & SATIN; black label; turquoise liquid. Preserve the label lettering, PARFUM LONDON signature, small 50 ml cylindrical proportions, thick clear base and fitted black cylindrical cap. Keep the cap seated throughout.
No faces or partial faces, necks, chins, people in reflections, new actors, extra fingers, new props, duplicate bottles, label changes, product morphing or liquid-color changes. No cuts within this generated clip. No added captions, promotional lettering, graphic overlays or watermark.

VOICE IDENTITY
Off-screen female narrator: a Filipina woman around 28 years old, with a warm, clear, conversational mid-range voice and smooth natural resonance. She sounds friendly, confident, curious and lightly playful, like a thoughtful friend helping someone choose a personal fragrance. Speak natural conversational Taglish with fluid Tagalog-English code-switching and a natural Filipina accent. Follow the exact supplied Taglish script; do not translate it into all-English or formal Tagalog. Keep scent names and website button labels unchanged. Keep a subtle smile in the voice, crisp diction, gently varied intonation and relaxed conversational pacing. Emphasize product names and key offer conditions clearly. Preserve the same age, accent, pitch range and vocal texture across every shot. Narration is off-screen; do not introduce a talking person or visible mouth. No shouting, forced whispering, exaggerated accent, celebrity imitation or robotic sales cadence.
VOICE TONE FOR THIS SCENT / STORY
Ask the opening buyer question with curiosity, then offer the named scent or brand answer helpfully. Gentle, imaginative and lighthearted. Convey curiosity and warmth with an airy rhythm, without whispering.
AUDIO DIRECTION
Generate the following off-screen narration in this clip. Begin promptly and complete the spoken line naturally within the first 5 seconds, then leave quiet ambience for the remaining generation. Keep room tone and prop foley low under the voice; no music or other voices. No visible speaker or lip sync. Use the same selected voice preset/reference as the other clips when the selected Flow model supports it. Exact-font text is added later in the editor; do not generate subtitles.
EXACT VOICEOVER — speak only these words, once:
“May magnetic cap na nagki-click. Puwedeng i-collect at i-display.”","","MAGNETIC CAP / COLLECT & DISPLAY","Animate this supplied start frame as one continuous photorealistic portrait 9:16 perfume-commercial shot. Match the first frame exactly: same Filipino adult hands, clothing, jewelry, set, props, warm saturated sunlight and natural skin texture. Hold the wider hero arrangement as supplied, with the full bottle intact. Keep the quiet top area clear of all moving objects.
Camera: Restrained smooth movement only; preserve the supplied viewing angle and full product. Do not zoom out or tilt upward.
Product lock: RTULLE & SATIN; black label; turquoise liquid. Preserve the label lettering, PARFUM LONDON signature, small 50 ml cylindrical proportions, thick clear base and fitted black cylindrical cap. Keep the cap seated throughout.
No faces or partial faces, necks, chins, people in reflections, new actors, extra fingers, new props, duplicate bottles, label changes, product morphing or liquid-color changes. No cuts within this generated clip. No added captions, promotional lettering, graphic overlays or watermark.
Audio: subtle scene-appropriate room/outdoor ambience and gentle prop foley only; no generated speech or music. Voiceover and exact brand-font text will be added separately in the edit.","","Generate 6 seconds, then trim to 5 seconds in the edit."
"16","personality","Rtulle & Satin","IMAGINATION, WITH WARMTH.","5","21–27","6","6","16-personality-rtulle-and-satin/frames/05-start.png","16-personality-rtulle-and-satin/overlays/05-copy.png","","Free shipping sa two items or more. May COD din. Find your scent.","Ask the opening buyer question with curiosity, then offer the named scent or brand answer helpfully. Gentle, imaginative and lighthearted. Convey curiosity and warmth with an airy rhythm, without whispering.","Animate this supplied start frame as one continuous photorealistic portrait 9:16 perfume-commercial shot. Match the first frame exactly: same Filipino adult hands, clothing, jewelry, set, props, warm saturated sunlight and natural skin texture. Hold the hero arrangement. The final three seconds are entirely still, with no upward camera movement.
Camera: Locked composition; final three seconds fully still.
Product lock: RTULLE & SATIN; black label; turquoise liquid. Preserve the label lettering, PARFUM LONDON signature, small 50 ml cylindrical proportions, thick clear base and fitted black cylindrical cap. Keep the cap seated throughout.
No faces or partial faces, necks, chins, people in reflections, new actors, extra fingers, new props, duplicate bottles, label changes, product morphing or liquid-color changes. No cuts within this generated clip. No added captions, promotional lettering, graphic overlays or watermark.

VOICE IDENTITY
Off-screen female narrator: a Filipina woman around 28 years old, with a warm, clear, conversational mid-range voice and smooth natural resonance. She sounds friendly, confident, curious and lightly playful, like a thoughtful friend helping someone choose a personal fragrance. Speak natural conversational Taglish with fluid Tagalog-English code-switching and a natural Filipina accent. Follow the exact supplied Taglish script; do not translate it into all-English or formal Tagalog. Keep scent names and website button labels unchanged. Keep a subtle smile in the voice, crisp diction, gently varied intonation and relaxed conversational pacing. Emphasize product names and key offer conditions clearly. Preserve the same age, accent, pitch range and vocal texture across every shot. Narration is off-screen; do not introduce a talking person or visible mouth. No shouting, forced whispering, exaggerated accent, celebrity imitation or robotic sales cadence.
VOICE TONE FOR THIS SCENT / STORY
Ask the opening buyer question with curiosity, then offer the named scent or brand answer helpfully. Gentle, imaginative and lighthearted. Convey curiosity and warmth with an airy rhythm, without whispering.
AUDIO DIRECTION
Generate the following off-screen narration in this clip. Begin promptly and complete the spoken line naturally within the first 6 seconds, then leave quiet ambience for the remaining generation. Keep room tone and prop foley low under the voice; no music or other voices. No visible speaker or lip sync. Use the same selected voice preset/reference as the other clips when the selected Flow model supports it. Exact-font text is added later in the editor; do not generate subtitles.
EXACT VOICEOVER — speak only these words, once:
“Free shipping sa two items or more. May COD din. Find your scent.”","","FIND YOUR SCENT / FREE SHIPPING ON 2+ ITEMS / CASH ON DELIVERY","Animate this supplied start frame as one continuous photorealistic portrait 9:16 perfume-commercial shot. Match the first frame exactly: same Filipino adult hands, clothing, jewelry, set, props, warm saturated sunlight and natural skin texture. Hold the hero arrangement. The final three seconds are entirely still, with no upward camera movement.
Camera: Locked composition; final three seconds fully still.
Product lock: RTULLE & SATIN; black label; turquoise liquid. Preserve the label lettering, PARFUM LONDON signature, small 50 ml cylindrical proportions, thick clear base and fitted black cylindrical cap. Keep the cap seated throughout.
No faces or partial faces, necks, chins, people in reflections, new actors, extra fingers, new props, duplicate bottles, label changes, product morphing or liquid-color changes. No cuts within this generated clip. No added captions, promotional lettering, graphic overlays or watermark.
Audio: subtle scene-appropriate room/outdoor ambience and gentle prop foley only; no generated speech or music. Voiceover and exact brand-font text will be added separately in the edit.","","Generate 6 seconds, then trim to 6 seconds in the edit."